ADVANC.BK,AOT.BK,BBL.BK,BDMS.BK,BH.BK,CPALL.BK,CPF.BK,CPN.BK,DELTA.BK,HMPRO.BK,INTUCH.BK,IVL.BK,KBANK.BK,KTB.BK,MINT.BK,PTT.BK,PTTEP.BK,SCC.BK,TRUE.BK,TTB.BK
193.18925,71.79275,151.54305,26.7702,222.48749,67.570915,20.9573,74.1366,94.222275,14.534054,68.506035,34.11696,122.46445,18.568312,34.904972,32.021313,154.09381,330.919,7.246091,1.6414651
192.80193,71.89626,151.61371,26.737823,221.0092,67.42765,20.828773,73.20129,94.30042,14.551506,68.383514,34.186672,122.04291,18.609251,34.968327,32.016426,153.71582,329.14108,7.192484,1.6327174
191.91328,72.02091,151.85216,26.678497,220.19023,66.99583,20.577192,71.75504,93.84006,14.54986,68.30481,34.122166,121.697784,18.639776,34.944157,32.00329,153.0802,327.38403,7.0704994,1.624223
190.65433,72.09316,152.10316,26.597624,219.77747,66.368744,20.244888,70.045555,93.003784,14.541407,68.21453,34.034817,121.510635,18.650255,34.772648,32.011887,152.37341,326.0695,6.925604,1.6172994
189.25082,72.106094,152.386,26.513206,219.23833,65.77998,19.910656,68.54564,91.86329,14.53197,68.05094,33.834496,121.460175,18.661676,34.49509,32.006466,151.50865,324.89975,6.7933598,1.6138897
187.99283,72.07616,152.3794,26.440104,218.65051,65.251656,19.616629,67.618164,90.58055,14.534684,67.853966,33.3778,121.35307,18.643902,34.077625,31.984407,150.44603,323.58636,6.685913,1.6106374
187.27884,71.981514,151.13504,26.33236,217.82564,64.83909,19.388643,67.10365,89.18432,14.526462,67.68203,32.83379,120.9817,18.559532,33.780807,31.920181,149.14444,322.4139,6.622791,1.6003612
186.95181,71.84694,149.50313,26.204958,216.79823,64.47906,19.20186,66.82625,87.6899,14.496344,67.57843,32.562233,120.54539,18.443079,33.728294,32.031235,148.20024,321.1874,6.6127987,1.5817442
187.22443,71.76726,148.58894,26.083124,216.1381,64.44716,19.182917,67.26944,86.238945,14.484638,67.740295,32.61039,120.38728,18.394836,33.882492,32.392155,147.89062,320.55286,6.672651,1.5673164
187.63649,71.73226,148.3596,25.95788,216.01328,64.73518,19.290638,68.06044,84.94201,14.484155,67.9906,32.826214,120.69405,18.39482,34.164272,32.887302,148.26837,321.07724,6.7671127,1.5582203
188.22963,71.72781,148.70242,25.84341,216.10284,65.28824,19.458336,69.174416,83.86974,14.521284,68.25369,33.1207,121.62262,18.45124,34.36943,33.41571,149.07463,322.4269,6.885232,1.5579491
189.09482,71.74077,149.015,25.779694,216.0651,65.81858,19.56225,70.032646,83.11611,14.573765,68.523994,33.401516,122.95546,18.517767,34.42571,33.911835,150.21686,324.1346,7.0027328,1.5608964
190.02725,71.69743,148.66107,25.711636,215.87535,66.089935,19.551208,70.48766,82.644745,14.604633,68.79636,33.49329,123.86684,18.541235,34.292767,34.27922,151.3053,324.84515,7.08186,1.5630401
190.60896,71.62485,147.94106,25.583704,215.31694,66.183365,19.458496,70.68402,82.52477,14.599785,69.007904,33.36319,123.96811,18.52772,34.02804,34.497974,152.11429,324.4939,7.1134377,1.5637859
190.82513,71.50344,147.28654,25.528587,214.43408,66.21831,19.425821,70.779335,82.79554,14.569401,69.12324,33.131474,123.65403,18.51189,33.787586,34.62267,152.72437,324.03754,7.115968,1.5635749
191.01753,71.356415,147.10307,25.556393,213.1536,66.1906,19.417267,70.772995,83.39435,14.517335,69.21091,32.897087,123.353775,18.534498,33.5785,34.682602,153.16702,323.538,7.1098857,1.5629585
191.34355,71.25405,147.08017,25.66436,211.92186,66.08708,19.391758,70.65721,84.200676,14.457501,69.270805,32.66656,123.03396,18.566778,33.283657,34.731663,153.72005,323.71423,7.0961723,1.5595127
191.84445,71.03747,147.0193,25.75799,210.66187,65.86839,19.359056,70.19006,85.15812,14.401813,69.46132,32.64437,122.87882,18.626156,32.928814,34.77797,154.55252,323.70657,7.098354,1.5557909
192.84253,70.81281,147.18921,25.83906,209.9801,65.7356,19.38099,69.87295,86.21647,14.378409,69.78849,32.977566,123.01507,18.6948,32.788002,34.916477,155.6854,324.48703,7.140605,1.5570756
194.05627,70.69271,147.84044,25.984562,210.078,65.78486,19.379885,69.90992,87.336754,14.384364,70.31944,33.296104,123.609116,18.770742,32.877026,35.05088,156.63869,325.48508,7.2139697,1.5663792
195.5205,70.723335,149.19072,26.198626,210.53322,65.90086,19.434532,70.05865,88.55154,14.407981,70.984474,33.380642,124.55815,18.932821,32.98982,35.177685,157.37286,326.53058,7.3023834,1.5868359
196.48079,70.8843,150.87503,26.43307,211.27716,65.9768,19.486183,70.259705,89.76215,14.448634,71.629654,33.34308,125.41671,19.10075,32.976646,35.249733,157.95947,326.56888,7.3991785,1.6104653
196.75371,71.00638,152.39001,26.589548,211.73738,66.00278,19.493023,70.194984,90.884766,14.495972,72.06988,33.091633,125.876175,19.26329,32.830727,35.201633,158.23979,324.8875,7.468575,1.634288
196.76549,71.15885,153.56918,26.683136,211.93747,66.12175,19.54735,70.10426,91.858894,14.540556,72.33812,32.794872,125.3394,19.379042,32.59112,35.16671,158.4434,322.89282,7.517872,1.660215
196.68968,71.27016,154.94751,26.754768,211.76192,66.213524,19.57085,69.896095,92.75939,14.587377,72.453514,32.54139,123.54485,19.44173,32.209305,35.140587,158.76314,320.8936,7.5368066,1.6815212
196.59605,71.30637,156.33589,26.811695,211.14247,66.04764,19.565376,69.64394,93.607346,14.62129,72.45619,32.40319,121.21559,19.461401,32.08065,35.188656,159.2733,319.50055,7.5187483,1.6974357
196.62367,71.30262,157.96924,26.799232,210.1842,65.72574,19.572134,69.41816,94.3698,14.640112,72.36928,32.441925,118.81659,19.484291,32.173717,35.292587,159.8066,318.37387,7.4971724,1.7106156
196.85358,71.30202,159.20105,26.783833,209.31772,65.5477,19.586805,69.76241,95.03266,14.65732,72.307396,32.662415,117.08336,19.51141,32.46081,35.382885,160.25986,318.37012,7.5148,1.7194204
197.41156,71.33477,160.1679,26.781301,208.69646,65.64912,19.725552,70.64193,95.68707,14.685127,72.31599,32.94649,116.26661,19.549702,32.803204,35.471313,160.58522,319.72446,7.569589,1.7281892
198.10994,71.39354,160.3113,26.736057,208.04535,65.828674,19.827673,71.46221,96.3854,14.698224,72.325455,33.248566,116.083244,19.555616,33.05243,35.58344,161.03001,321.4,7.6271677,1.7322719
198.30711,71.377106,159.65036,26.655563,207.86299,65.700554,19.796755,71.9352,97.04721,14.663145,72.21795,33.38077,115.897156,19.470644,33.007935,35.637115,161.33504,322.79807,7.6397505,1.7265066
198.28658,71.30939,158.84413,26.562511,208.69714,65.27593,19.650024,72.30765,97.61789,14.593219,72.06191,33.335682,115.48963,19.352116,32.77796,35.62907,161.65161,322.89944,7.606169,1.7200708
198.1875,71.21898,158.9573,26.47648,210.33,64.62492,19.458664,72.65125,98.09621,14.510819,71.94143,33.202953,115.12774,19.274044,32.500053,35.58146,162.07306,321.93848,7.553796,1.7183865
197.62389,71.06457,159.23038,26.38196,212.4601,63.78659,19.272072,72.62908,98.46022,14.391207,71.80092,32.970165,114.89945,19.21153,32.215588,35.51909,162.38849,320.61734,7.4687433,1.7178593
197.01291,70.871864,159.95377,26.343082,214.81827,63.099323,19.160696,72.41158,98.55262,14.29694,71.68046,32.845375,115.394806,19.212267,32.071354,35.493095,162.70924,319.7481,7.389636,1.7201369
196.41605,70.7626,161.08347,26.439041,218.63828,62.65319,19.168749,72.19395,98.27831,14.231814,71.59469,32.738583,116.34446,19.241611,32.050125,35.60353,163.32993,319.39136,7.3315225,1.7240487
195.91948,70.76914,162.0493,26.57465,223.1778,62.71962,19.33758,71.93403,97.687355,14.203857,71.524796,32.60164,117.52922,19.261919,32.281483,35.809643,164.1482,319.17288,7.277007,1.7337463
195.56618,70.81746,162.3402,26.620043,227.82462,63.194458,19.424988,71.5315,96.79755,14.183216,71.44745,32.206066,118.50295,19.23649,32.54136,36.075832,164.98457,318.39908,7.227804,1.7449843
195.47014,70.829445,162.07199,26.60168,232.00476,63.899834,19.330498,71.55573,95.71502,14.173762,71.44237,31.445148,119.064514,19.183691,32.74092,36.306915,165.62372,317.1681,7.188559,1.7590628
195.67876,70.840775,161.56909,26.550606,236.33125,64.60646,19.237616,71.88783,94.56857,14.162903,71.510414,30.71851,119.41207,19.111183,32.95289,36.49954,165.79181,316.7625,7.1747046,1.7718451
196.4012,70.85936,161.0683,26.46429,240.50697,65.09298,19.186373,72.11425,93.303856,14.149816,71.5859,30.111248,119.76173,18.992481,33.09999,36.642994,165.57666,316.45413,7.1886487,1.7828202
197.37358,70.86205,160.68228,26.364395,243.88634,65.4357,19.195122,72.03786,92.05802,14.136719,71.604454,29.684443,120.16835,18.910631,33.177532,36.73498,165.30258,315.9432,7.2323985,1.7911718
198.20203,70.870056,160.43587,26.298458,246.33032,65.994965,19.381832,72.03591,91.032455,14.147075,71.5456,29.380678,120.69696,18.877478,33.336155,36.8145,164.96954,315.3829,7.3100834,1.7980623
198.87698,70.97123,160.13565,26.272081,247.76967,66.85585,19.77191,72.33152,90.19797,14.187467,71.39086,28.958029,121.585205,18.91158,33.533783,36.818478,164.53416,315.13635,7.3815336,1.8060862
199.13516,71.16698,159.2303,26.194935,248.58621,67.724075,20.120163,73.02492,89.78258,14.244543,71.157295,28.459398,122.38014,18.839212,33.71185,36.726727,164.00418,315.57495,7.439109,1.8031296
198.8282,71.3653,158.26828,26.1015,248.79048,68.41718,20.333464,73.734665,89.726875,14.303574,70.951836,28.137735,123.061905,18.722008,33.794605,36.57958,163.58134,316.97733,7.4862986,1.7972631
198.30913,71.56789,157.86789,26.016132,248.28337,68.83482,20.547745,74.386475,89.91628,14.343919,70.75279,27.995941,123.71537,18.623264,33.843384,36.455784,163.41197,317.85938,7.5155377,1.7931743
197.21417,71.86074,158.09137,25.978321,247.50923,69.09929,20.746534,74.69106,90.328156,14.363625,70.50891,27.837631,124.12627,18.561937,33.87306,36.411705,163.47728,318.2883,7.521725,1.7900734
196.19972,72.20597,158.70227,26.038193,246.72278,69.167656,20.837202,74.86843,90.93392,14.378229,70.27949,27.71392,124.22009,18.567226,33.88797,36.370655,163.9569,318.20462,7.524326,1.7850043
195.3714,72.481094,159.12416,26.111704,246.24042,69.102646,20.793583,74.87672,91.66646,14.380745,70.11557,27.681807,123.95287,18.568811,33.891476,36.221687,164.35088,317.43753,7.514947,1.7747115
194.67029,72.675934,159.21678,26.141224,245.70001,68.9759,20.665684,74.63231,92.44191,14.362963,69.9856,27.71285,123.355644,18.572931,33.932396,36.03041,164.85745,316.20694,7.490461,1.7606487
193.89832,72.732574,158.93315,26.073532,245.00414,68.713326,20.552849,74.22409,93.176956,14.321348,69.86209,27.770155,122.79283,18.51687,33.94831,35.81691,165.36987,314.77408,7.4453893,1.7464398
193.27187,72.6775,158.32353,25.912998,244.3477,68.31391,20.552504,73.901985,93.82204,14.278419,69.80624,27.73869,122.320786,18.424772,33.89298,35.620354,165.77237,313.7345,7.384841,1.7318498
192.86232,72.536934,158.18149,25.765873,243.92128,67.935745,20.661955,73.66037,94.32007,14.243914,69.83982,27.559551,122.11858,18.40948,33.845413,35.53352,166.46095,312.97882,7.322651,1.7258153
192.89056,72.35732,158.23778,25.667131,243.7339,67.69026,20.7975,73.49856,94.62715,14.220484,69.939835,27.27614,122.063286,18.428959,33.821476,35.515743,167.48836,312.50037,7.282604,1.7259538
193.22372,72.11461,158.26393,25.591383,243.63538,67.53028,20.905937,73.254036,94.70337,14.207137,70.052765,26.940918,121.93703,18.458893,33.726665,35.536392,168.72464,312.2663,7.298694,1.7307702
193.90857,71.86688,158.15274,25.533754,244.59166,67.39316,20.92387,72.88027,94.54133,14.19076,70.17165,26.590368,121.74971,18.455103,33.594578,35.507137,169.70866,312.00623,7.348674,1.7347953
194.84026,71.65172,157.80096,25.504765,245.6092,67.32302,20.983839,72.33875,94.29617,14.179958,70.2643,26.289055,121.343864,18.456926,33.33308,35.43089,170.38649,311.95566,7.422572,1.7396917
195.77763,71.48688,157.81076,25.527807,246.72105,67.26793,21.062918,71.88921,93.98959,14.18666,70.30314,26.063128,120.98479,18.437098,32.93403,35.367832,170.90063,311.45477,7.494461,1.7420852
196.78078,71.39643,158.26434,25.587519,247.69257,67.223564,21.24845,71.65049,93.71506,14.195827,70.33384,26.012957,121.114235,18.434849,32.573734,35.33472,171.29312,311.1231,7.577525,1.7448819
197.81303,71.34873,158.88199,25.606838,248.14874,67.15134,21.401394,71.48159,93.511795,14.202431,70.329445,26.125263,121.521645,18.402424,32.32153,35.361904,171.61781,311.04306,7.673599,1.7453482
198.71338,71.28463,159.17828,25.581932,248.50752,66.98629,21.368532,71.30892,93.34244,14.194837,70.3132,26.165264,121.78083,18.317896,32.182613,35.299305,171.92049,310.71527,7.792666,1.7425005
199.72539,71.15986,159.01598,25.476442,248.7616,66.61759,21.190931,70.95106,93.175934,14.154764,70.3951,26.131084,121.554474,18.180882,31.993235,35.15393,172.27531,309.83145,7.926697,1.7406257
200.2429,70.95391,158.71066,25.35074,248.55186,65.92206,20.798353,70.57702,93.004654,14.083063,70.52885,25.876595,121.16072,18.066143,31.738884,34.875206,172.35591,308.15253,8.038984,1.7375779
200.3939,70.73002,158.16028,25.239477,248.07198,65.295845,20.553179,70.38208,92.7855,13.987665,70.73373,25.616184,120.64138,18.010786,31.584055,34.533234,172.14166,306.9378,8.129145,1.7338233
201.0119,70.55178,157.73657,25.130325,248.14574,64.78102,20.448517,70.44727,92.61243,13.888521,70.996124,25.609718,119.98577,17.989378,31.583988,34.240017,171.81223,307.21216,8.187447,1.7288257
201.73772,70.37214,157.41316,25.08712,248.6566,64.37116,20.411058,70.453476,92.441765,13.7798,71.253494,25.72894,119.26946,17.955791,31.633495,34.03868,171.47667,307.3605,8.20297,1.7194842
202.24297,70.155075,156.66829,25.16019,249.64847,64.08285,20.385796,70.281555,92.23185,13.674773,71.39048,25.738796,118.275185,17.91356,31.688253,33.963963,171.36409,306.7644,8.161207,1.7081875
202.59596,69.96803,156.11569,25.283794,250.7648,63.87006,20.298792,70.12711,91.95006,13.585955,71.440094,25.750332,117.43577,17.906197,31.778616,34.021114,171.6929,306.21106,8.083986,1.7059377
202.70142,69.81368,155.84523,25.357563,251.85976,63.602425,20.15086,69.62935,91.6391,13.486876,71.335106,25.497791,116.88955,17.928501,31.741041,34.091698,172.32175,304.67462,7.9584074,1.7072351
202.96722,69.73993,156.31277,25.397161,252.88446,63.411896,20.15453,68.97198,90.65735,13.396571,71.21019,25.151768,116.83722,17.99612,31.708166,34.13695,173.11095,303.1486,7.826912,1.713662
203.36093,69.78191,157.06169,25.441511,253.74487,63.36021,20.157963,68.30743,89.1309,13.3587055,71.09793,24.832222,117.12361,18.06697,31.75051,34.119385,173.69453,302.0635,7.702548,1.7212555
203.53801,69.88503,157.6831,25.465105,254.11414,63.281414,20.003016,67.715836,87.14736,13.313839,70.9126,24.404198,117.616615,18.122103,31.745384,33.95662,173.50836,300.8625,7.5802813,1.7223614
203.49521,69.87905,158.2548,25.548847,253.96071,63.302597,19.9138,67.21879,84.840065,13.256124,70.66687,23.962664,118.214485,18.188236,31.64998,33.77658,172.85464,299.74002,7.4794765,1.7208755
203.20758,69.82592,158.8881,25.678864,253.3795,63.484127,19.949192,66.85694,82.446175,13.195022,70.362495,23.640589,118.703545,18.2549,31.606874,33.60149,171.67255,300.35056,7.4155455,1.7201465
202.5755,69.71853,159.28098,25.765858,252.23067,63.698433,19.970507,66.89176,80.02183,13.140524,70.022354,23.449753,119.09561,18.34096,31.528807,33.42167,170.24287,301.42334,7.3728333,1.7205698
201.8025,69.58385,159.5237,25.76827,250.42912,63.713055,19.87125,66.81879,77.63532,13.098473,69.63154,23.200766,119.379074,18.443224,31.199474,33.326,169.3878,302.56818,7.339746,1.7259617
200.96996,69.42858,159.38994,25.706545,248.27158,63.45256,19.450506,66.73194,75.53146,13.059361,69.27315,23.138355,119.48413,18.52194,30.798878,33.350063,169.23051,303.08533,7.3217816,1.7343001
200.22935,69.2972,159.31001,25.696276,246.99512,63.1493,19.07742,66.97724,73.929115,13.035326,69.04991,23.26859,119.742294,18.614523,30.592459,33.593105,169.66885,303.27847,7.3501544,1.7458075
199.90381,69.183174,159.58694,25.744543,246.78844,62.86151,18.82962,67.314445,72.845375,13.015455,68.96792,23.48401,119.96789,18.706003,30.568958,33.96966,170.45764,302.89706,7.4115157,1.7591531
199.81703,68.93968,159.59947,25.7985,246.79556,62.255436,18.632027,67.46138,72.16963,13.009176,68.893845,23.605307,119.88934,18.763285,30.463196,34.333282,171.61449,301.6142,7.458142,1.7730377
199.74161,68.726685,159.38599,25.83806,246.85178,61.591343,18.598396,67.64773,71.86525,13.014674,68.79621,23.634684,119.73522,18.737942,30.336863,34.578133,172.76906,299.2011,7.4742765,1.7880275
199.87709,68.63501,159.18237,25.85927,247.36055,60.951004,18.641287,67.91135,71.89467,13.027043,68.80334,23.612434,119.59877,18.690708,30.278526,34.82956,174.14815,297.19568,7.4666634,1.8003699
200.39166,68.59052,159.22464,25.837957,248.02057,60.264492,18.605244,68.077835,72.1745,13.019592,68.85979,23.450533,119.43459,18.631319,30.189856,35.014053,175.33548,294.7534,7.4401975,1.8073949
200.40561,68.45707,159.15536,25.786224,248.56053,59.560364,18.452478,67.93432,72.53578,12.983235,68.852165,22.92655,119.62618,18.558891,29.852686,35.082893,176.32097,291.46207,7.373532,1.8112149
199.38449,68.15859,158.02827,25.69584,248.91026,58.958385,18.25324,67.76685,72.858246,12.896824,68.71085,22.441986,120.28369,18.426142,29.400795,34.98947,176.7493,287.6753,7.2850504,1.8044274
197.89943,67.84587,156.41689,25.616089,249.26938,58.694923,18.136408,67.49907,73.11197,12.793105,68.4902,22.240122,121.4981,18.333681,29.028315,34.79154,176.69301,286.09213,7.2036514,1.7907603
196.32576,67.52405,154.29405,25.535418,249.18321,58.450634,18.049986,66.89825,73.02331,12.673974,68.14795,22.166437,122.37763,18.248611,28.69913,34.561615,176.22849,285.56094,7.1097374,1.7724787
195.2144,67.31433,152.35684,25.406136,248.53427,58.165688,18.06806,66.27794,72.687454,12.55737,67.79805,22.296593,123.13173,18.191721,28.490389,34.455677,175.53261,286.83072,7.0346236,1.7583877
194.86649,67.25016,151.04099,25.277372,247.83221,58.06552,18.190704,66.04743,72.3535,12.502847,67.56361,22.452923,123.81508,18.164312,28.397278,34.44227,174.77687,288.5566,6.9935384,1.7516029
195.19885,67.25478,150.0835,25.174612,247.36903,57.99922,18.335693,66.07371,72.08682,12.49667,67.52307,22.407375,124.22242,18.12796,28.338718,34.482822,173.66481,289.38568,6.917085,1.7477311
194.95532,67.28787,149.45865,25.106312,247.17343,57.984383,18.400026,66.16538,71.95985,12.486091,67.542206,22.288,124.510864,18.07092,28.252388,34.51048,172.22606,289.18503,6.8136516,1.7396313
194.52588,67.480125,149.13005,25.097803,246.81061,58.176666,18.42563,66.40682,72.1188,12.462046,67.58541,22.242561,124.711555,18.025696,28.298883,34.580044,170.55669,289.32248,6.7211137,1.7288076
194.58568,67.81443,149.82138,25.1624,246.37393,58.527378,18.58045,66.91196,72.54483,12.452305,67.472855,22.471235,124.974724,18.048363,28.5801,34.714664,169.19228,289.60754,6.6549153,1.7223657
195.40878,68.187805,150.59566,25.215769,245.12357,58.825596,18.751604,67.395836,73.19562,12.470642,67.33395,22.932373,125.04307,18.101427,28.91512,34.812702,168.1842,290.52524,6.623407,1.7178737
196.51431,68.52901,150.98805,25.238462,243.68105,58.934494,18.802048,67.64919,73.991165,12.508662,67.24529,23.392881,124.86374,18.14256,29.05707,34.85342,167.49115,291.68115,6.600272,1.7118905
197.90031,68.822296,151.05904,25.262775,242.11827,58.900555,18.817638,67.86168,74.81012,12.553816,67.34109,23.656473,124.766396,18.16397,29.078655,34.81396,166.84453,293.93436,6.5478773,1.7038
199.03418,69.07428,150.69681,25.29291,239.16817,58.672466,18.770382,67.78918,75.57848,12.585188,67.61425,23.799093,124.57244,18.185606,28.9017,34.756763,166.33116,295.42096,6.476369,1.6954488
199.7669,69.14772,150.15524,25.32448,235.04916,58.48599,18.524473,67.99774,76.04873,12.633219,67.90633,23.769718,124.31349,18.175936,28.630524,34.67485,165.96506,295.1363,6.397752,1.6855589
200.4763,69.08362,149.11575,25.188423,230.5343,58.30239,18.299988,68.76347,76.20954,12.705153,68.2649,23.644735,124.05751,18.112568,28.272877,34.619244,165.60797,293.35767,6.340121,1.6787063
200.90808,68.984985,147.6847,24.97774,226.21007,58.139904,18.110023,69.5916,76.07935,12.775696,68.63415,23.308235,123.922874,18.023792,27.878506,34.66607,165.42662,291.05093,6.3023543,1.6740137
200.48677,68.91707,146.13263,24.845253,222.40791,58.353245,18.081142,70.452255,75.92247,12.854542,69.02526,23.023823,123.899734,17.906855,27.72308,34.8576,165.43678,289.49622,6.301351,1.6768428
199.49925,68.91176,144.73543,24.83861,219.06406,58.802753,18.150126,71.08633,75.81295,12.932727,69.362755,22.997595,123.94362,17.790987,27.62889,35.161755,165.54842,288.79996,6.334163,1.6776767
198.35034,68.97676,143.79251,24.89652,216.14246,59.211853,18.294966,71.50892,75.71544,12.989312,69.59437,23.140394,124.156845,17.698689,27.603582,35.459816,165.44292,288.92017,6.3972845,1.6726844
197.0971,69.083694,143.478,24.976358,214.37933,59.36851,18.442598,72.00212,75.65889,13.032367,69.698494,23.432737,124.171974,17.622726,27.718147,35.725388,165.23618,289.02863,6.4587064,1.6627854
195.95775,69.05121,143.49336,25.080032,213.54762,59.36953,18.601545,72.541046,75.69975,13.063876,69.71819,23.899914,124.074844,17.567526,27.904812,35.965492,165.09633,290.07733,6.5055733,1.6514382
195.312,68.778015,143.56204,25.161015,213.32426,59.25584,18.730803,72.85877,75.736725,13.073897,69.707726,24.251207,124.0148,17.534702,28.091755,36.161266,165.02309,291.817,6.5354133,1.63991
195.1215,68.04281,143.53253,25.181242,213.34328,58.972878,18.786346,72.91341,75.70107,13.033437,69.69013,24.44736,123.94082,17.489626,28.191473,36.232834,164.91895,293.36124,6.5440855,1.6300066
195.11139,67.00991,143.53464,25.152018,213.07478,58.583664,18.78824,72.85713,75.577835,12.95764,69.574066,24.337692,123.93132,17.439695,28.213808,36.231697,164.73213,293.9474,6.530938,1.6241469
195.0503,65.77794,143.39961,25.09665,212.73578,58.15842,18.839437,72.51449,75.371635,12.880852,69.35231,24.154528,124.047005,17.428843,28.144547,36.227764,164.18687,293.3941,6.5182915,1.6219466
195.04733,64.50213,143.4636,25.035471,212.44527,57.785683,18.985754,72.34552,75.167404,12.829862,69.051994,23.991858,124.30222,17.498499,27.98619,36.23691,163.18379,293.13458,6.5182886,1.6236391
195.22177,63.217403,143.49112,24.981503,211.96288,57.006176,19.195992,72.15747,74.84139,12.784489,68.768,23.87773,124.39027,17.580103,27.756948,36.28962,161.86871,292.43613,6.515345,1.6275476
195.50558,62.095345,143.46397,24.940792,212.03235,56.081284,19.432953,72.212494,74.4032,12.731616,68.463844,23.665346,123.811134,17.613316,27.57479,36.33591,160.35434,290.85486,6.4618015,1.6277248
195.92346,61.13946,143.23369,24.85961,212.43164,55.465485,19.42282,72.47718,73.883766,12.676288,68.220024,23.505629,123.04809,17.60362,27.4668,36.428535,158.59706,289.23047,6.366309,1.6260581
196.60327,60.51934,142.9169,24.804743,212.86308,55.189857,19.317896,72.707375,73.29484,12.615145,68.08043,23.466648,122.303246,17.619267,27.327766,36.61771,156.54033,289.30038,6.2641144,1.6238962
197.37161,60.227306,142.6254,24.732939,212.91637,55.154415,19.181623,72.74726,72.73762,12.58918,68.057175,23.601887,121.49562,17.658567,27.272085,36.85616,154.2079,290.1024,6.1705837,1.6248622
197.94116,60.185543,142.23505,24.649218,212.62581,55.248466,18.991367,72.40381,72.19035,12.60922,68.06067,23.7702,120.751076,17.688934,27.338346,37.05298,151.66283,291.653,6.0641828,1.625373
198.26091,60.33432,141.93297,24.568794,211.85791,55.305412,18.790806,71.82895,71.84022,12.6484585,68.01897,23.912653,120.102844,17.671772,27.421455,37.212822,149.3334,292.69073,5.938475,1.6263331
198.37598,60.54335,141.93417,24.503387,210.72949,55.31208,18.53663,71.19006,71.812904,12.690215,67.950966,23.963476,119.75623,17.638641,27.343729,37.33008,147.70389,292.6492,5.808158,1.6290513
198.12646,60.70233,141.76971,24.458132,209.60237,54.996933,18.33724,70.590195,72.05232,12.714691,67.85673,23.751236,119.39083,17.606327,27.162544,37.40443,146.6792,291.31064,5.68755,1.632715
197.65947,60.857872,141.66348,24.432669,208.86626,54.84381,18.273497,70.222984,72.62869,12.721265,67.73284,23.558376,119.371735,17.613705,27.057724,37.441742,146.24052,290.56085,5.6170707,1.6334532
197.37968,61.12323,142.08418,24.423397,208.74355,55.053802,18.325079,70.32372,73.401566,12.726688,67.63853,23.633215,119.91924,17.649261,27.1357,37.451538,146.56927,291.1937,5.589201,1.6359494
197.08902,61.445152,142.77327,24.425467,209.27931,55.47005,18.37065,70.90109,74.36349,12.712483,67.508995,23.970842,120.76525,17.677698,27.272055,37.44403,147.52112,292.3474,5.5842075,1.6385901
196.90926,61.71959,143.44939,24.434174,210.00864,55.959038,18.343534,71.4452,75.56987,12.671758,67.52917,24.300209,121.62012,17.691635,27.351862,37.428112,148.80304,293.86383,5.5781093,1.6406695
196.95715,61.84606,143.78671,24.473131,210.39815,56.52381,18.308893,71.76494,76.93496,12.627475,67.68299,24.870584,122.38128,17.677923,27.417044,37.34341,150.13573,295.4344,5.613759,1.6434376
197.15666,61.927,144.10979,24.532688,210.69835,57.09148,18.336939,72.09076,78.38525,12.590551,67.952866,25.422058,123.03455,17.647991,27.470827,37.178524,151.23253,296.1242,5.668285,1.6493434
197.52281,61.972244,144.0555,24.62435,210.77328,57.607082,18.42098,72.45272,79.85189,12.564582,68.23701,25.834444,123.52861,17.615068,27.462946,37.013218,152.08282,296.47443,5.7045,1.6553534
197.9427,62.013554,143.5819,24.783726,210.66461,57.96476,18.58636,72.72986,81.312874,12.54913,68.520546,26.006605,123.77529,17.58759,27.460867,36.91869,152.73206,296.65552,5.7112336,1.6615115
198.08687,62.01074,143.22679,25.058298,211.03523,58.28785,18.779556,73.10039,82.7009,12.530857,68.777084,26.062815,123.96525,17.552988,27.75516,36.930458,153.2428,297.75818,5.696739,1.6683855
197.98698,61.99029,143.24205,25.412891,211.63455,58.47548,18.984941,73.63679,83.85408,12.498537,68.94695,26.060928,124.26814,17.50163,28.304073,37.016838,153.5855,299.30777,5.665972,1.6748854
197.52818,61.92086,144.27953,25.77034,212.45798,58.623085,19.195726,74.33584,84.594376,12.469079,69.066,26.080849,124.90594,17.494713,28.941309,37.133892,153.90102,301.76212,5.6295743,1.6887023
197.1266,62.06182,145.40262,26.044357,213.3391,58.69515,19.282688,74.60587,84.95977,12.49298,69.18911,26.25563,125.68316,17.525335,29.44788,37.180103,153.89969,303.4883,5.6220884,1.7049991
196.88835,62.526398,146.24898,26.1868,214.32079,58.746273,19.27485,74.51556,84.91367,12.571607,69.25926,26.503622,126.31858,17.572151,29.81085,37.187687,153.89513,304.4591,5.634202,1.7197416
196.21959,63.14673,146.9321,26.24377,215.56215,58.698723,19.224201,73.94938,84.420235,12.666728,69.250084,26.60384,126.940605,17.665516,29.984314,37.14323,154.10498,304.42468,5.6551166,1.732306
195.27467,63.729282,147.2464,26.247211,216.7812,58.54494,19.067598,72.99292,83.56569,12.754196,69.17821,26.487946,126.91303,17.792706,29.96784,37.102047,154.33246,303.1869,5.676874,1.7360768
194.66907,64.16465,147.27965,26.220366,217.9857,58.224014,18.863018,72.186,82.49999,12.800305,69.13191,26.173483,126.460976,17.901873,29.705383,37.046303,154.58163,301.4822,5.688503,1.7371333
194.348,64.45742,146.36812,26.206991,219.72192,57.802486,18.762655,71.561386,81.34725,12.807531,69.15027,25.801954,125.43272,17.911465,29.243631,36.98431,154.6474,298.9053,5.6901655,1.7317402
194.35057,64.58418,144.93329,26.211239,222.02496,57.395737,18.750591,71.29043,80.18583,12.778343,69.281364,25.418104,124.10855,17.83174,28.703482,36.89391,154.60504,295.3982,5.685415,1.7224166
194.67322,64.625374,143.61214,26.252863,224.55437,57.201435,18.782225,71.0261,79.113495,12.740079,69.4924,25.143026,123.347824,17.745096,28.364477,36.690975,154.6407,291.93423,5.671354,1.7137386
195.03116,64.57882,142.6627,26.289751,226.69695,57.144917,18.82446,70.76038,78.18213,12.694712,69.75202,24.98355,123.03669,17.696724,28.235525,36.321705,154.73642,288.71613,5.652392,1.7073244
195.3138,64.51942,142.0199,26.336782,228.22359,56.994736,18.835596,70.233864,77.3605,12.649581,69.975746,24.86302,122.86749,17.65314,28.151672,35.912003,154.86047,285.81534,5.652976,1.7004949
195.03146,64.31853,141.37953,26.30621,228.94267,56.77932,18.701954,69.46258,76.63754,12.544052,70.05376,24.563633,122.8244,17.58121,28.082272,35.51974,154.80795,281.2888,5.670785,1.6909122
194.59387,64.03051,140.28572,26.182686,229.00955,56.439846,18.494766,68.73622,76.041435,12.340466,69.97386,23.995325,122.5774,17.450674,27.889675,35.233418,154.44386,276.2229,5.703248,1.6819296
194.54657,63.655476,139.00218,26.037014,229.13986,56.19975,18.233973,68.39861,75.594246,12.09571,69.826614,23.299921,121.68995,17.349089,27.735058,35.137703,154.11325,271.99216,5.760107,1.6879822
194.60742,63.1886,137.88736,25.936008,229.63422,55.87803,17.910765,68.48162,75.31129,11.837511,69.668564,22.64212,119.76292,16.993383,27.655014,35.161926,153.84428,268.752,5.8145695,1.7206024
194.55713,62.633656,137.20215,25.862331,229.99571,55.40391,17.483248,68.68542,75.15001,11.602983,69.57008,22.06936,117.500694,16.511723,27.684044,35.24586,153.60611,265.88724,5.8750267,1.765451
194.52292,62.15905,136.81836,25.865482,230.30518,55.115704,17.276686,69.34322,75.15152,11.440019,69.63868,21.823978,115.63885,16.08534,28.011297,35.379517,153.48808,264.4199,5.9794793,1.8090497
194.75926,61.777977,136.47491,25.928867,230.5589,55.031654,17.310421,69.88749,75.222755,11.351238,69.866234,21.847612,114.53862,15.757729,28.574722,35.52772,153.5344,263.7364,6.119902,1.845294
194.94044,61.475906,135.56424,25.966402,230.65121,54.911243,17.530813,70.10479,75.28217,11.286424,70.10368,21.968275,113.96559,15.51598,29.118992,35.62675,153.66246,263.75812,6.264159,1.8685622
195.23738,61.363598,135.065,25.965229,230.79074,54.836872,17.76262,70.28542,75.20059,11.267179,70.30775,22.159582,113.77734,15.395091,29.711063,35.736343,153.85881,264.48846,6.3866377,1.8786393
195.71016,61.395027,134.83336,25.937262,231.08371,54.816296,18.081448,70.20526,74.991646,11.262474,70.53965,22.30433,113.7418,15.341724,30.241362,35.78483,153.8205,265.18423,6.4686227,1.8793789
196.23486,61.443855,134.5015,25.925583,231.28003,54.79084,18.327929,70.01369,74.65112,11.249878,70.76913,22.291185,113.540886,15.299194,30.677761,35.7389,153.84126,265.9,6.530485,1.8777637
196.81183,61.649956,133.9527,25.935299,231.3368,54.84376,18.440863,69.709465,74.19069,11.2175255,70.930145,22.221615,113.14869,15.26425,30.982357,35.697456,153.98628,267.19232,6.5822453,1.8773905
197.45592,62.06738,133.37561,26.013384,231.47374,55.201935,18.555916,69.38986,73.75251,11.207916,71.07106,22.319143,113.01427,15.274699,31.200815,35.651077,154.35869,269.3156,6.63555,1.8768345
197.82178,62.691532,133.00418,26.191162,231.41377,55.758957,18.656101,68.767044,73.40104,11.178533,71.21882,22.484282,113.14016,15.31958,31.2917,35.604717,154.9335,270.63525,6.6782994,1.8870925
197.79033,63.462803,132.93106,26.446682,231.45323,56.498173,18.744917,68.23912,73.24182,11.198597,71.306694,22.721605,113.48242,15.377871,31.33269,35.598083,155.68323,271.475,6.738419,1.9014388
197.49992,64.24744,133.22316,26.636908,231.61688,57.186253,18.779486,68.108925,73.25689,11.288106,71.36577,23.028252,114.13027,15.448998,31.346771,35.727287,156.52864,271.26233,6.826755,1.9122574
196.65175,64.9151,133.66998,26.732664,231.7565,57.62213,18.722755,67.85005,73.37486,11.395339,71.32886,23.163239,114.42178,15.501383,31.389593,35.914608,157.4347,269.26633,6.910614,1.9153605
195.52576,65.43409,133.917,26.72305,232.20926,57.734432,18.604498,67.69223,73.53711,11.491405,71.20862,23.13367,114.18955,15.513587,31.35357,36.132973,158.25252,266.06778,6.9676723,1.9126807
194.5495,65.86333,134.14948,26.643612,232.70422,57.54986,18.385832,67.54771,73.73412,11.575506,71.022964,23.0222,113.88611,15.496696,31.168524,36.304417,158.80869,264.04523,6.989414,1.9114038
193.75653,66.030106,134.36024,26.5891,233.39864,57.22551,18.16472,67.42318,73.9766,11.631874,70.810814,22.970625,113.58999,15.466884,31.05866,36.441654,159.2125,262.73605,6.984051,1.9081259
193.07167,65.96285,134.61012,26.548851,233.99622,56.848473,17.928959,67.38386,74.14943,11.660948,70.56776,22.920439,113.35177,15.420108,31.04172,36.508972,159.41571,261.89944,6.9698615,1.9034163
192.18378,65.77072,134.30748,26.518957,234.68512,56.675484,17.74024,67.35738,74.30072,11.669344,70.28138,22.888075,112.95748,15.304841,31.173555,36.515427,159.3131,261.3317,6.948398,1.9027325
191.59149,65.51384,133.77266,26.470383,235.02657,56.765297,17.701004,67.43604,74.31012,11.664764,70.06386,22.68261,112.64164,15.190043,31.327168,36.61792,159.23033,261.163,6.9376416,1.9096898
191.42697,65.248726,133.33925,26.435856,235.00932,56.997265,17.655773,67.830696,74.17278,11.653706,70.02216,22.408339,112.3836,15.121027,31.401793,36.80239,159.3244,261.11456,6.964218,1.9223045
191.33405,65.0136,133.34543,26.394093,234.8476,57.508793,17.604979,68.57025,73.805016,11.629336,70.00988,22.13547,112.50136,15.12938,31.452206,37.01319,159.57744,261.11465,7.003185,1.9362723
190.99898,64.8496,133.89471,26.4294,234.46547,58.20884,17.791597,69.434265,73.23698,11.608358,69.95904,22.028511,113.26893,15.235658,31.443243,37.23551,160.22795,261.81726,7.0399146,1.9456676
190.9896,64.82323,134.91643,26.691334,233.58492,58.939075,18.0759,70.145,72.511986,11.606772,69.90871,22.125393,114.43632,15.434975,31.443901,37.433933,161.1681,263.70807,7.067837,1.9500852
190.92871,64.92898,135.55377,27.046892,232.12325,59.553024,18.252237,70.7223,71.68584,11.621459,69.813805,22.207613,115.54908,15.60897,31.598991,37.584717,162.201,265.5813,7.1768,1.95368
190.66167,65.11217,135.67445,27.366575,230.3166,60.197433,18.316048,71.28907,70.83117,11.632963,69.64341,21.959465,116.193985,15.673248,31.880856,37.647545,163.0649,267.03442,7.3354683,1.9556178
190.16222,65.25169,135.48474,27.57228,227.76414,60.69988,18.46073,71.62228,69.84716,11.670992,69.40621,21.60271,116.45067,15.665425,32.180298,37.60397,163.52739,268.0929,7.486483,1.9547242
189.2305,65.29887,135.36813,27.61055,224.70592,60.93274,18.60339,71.43633,68.83317,11.729185,69.02233,21.37408,116.44448,15.622721,32.376217,37.486217,163.5554,268.13437,7.596192,1.9492052
188.72847,65.44454,135.17903,27.470457,221.87457,60.95512,18.600464,71.25734,67.76667,11.758798,68.64838,21.35598,116.37524,15.587565,32.510185,37.307064,163.17259,267.78235,7.6467676,1.942681
188.95259,65.62246,135.22829,27.200476,219.93944,60.649914,18.387093,70.978065,66.66311,11.76718,68.355736,21.41077,116.381645,15.584331,32.593086,37.147514,162.71437,267.58783,7.656563,1.9398063
189.4001,65.74612,135.34499,26.940285,218.85344,60.26573,18.089256,70.516464,65.50505,11.762773,68.102135,21.4596,116.37939,15.571146,32.680344,37.03708,162.24323,266.4366,7.675129,1.9374706
189.83087,65.845184,135.36295,26.89272,218.72226,60.05488,17.955982,70.06438,64.453445,11.774889,67.84441,21.506517,116.20857,15.530215,32.715725,36.97812,161.8623,265.16696,7.719188,1.9337915
190.74873,65.94738,135.21397,27.029772,219.07109,60.134895,17.981567,69.76567,63.57957,11.803062,67.73824,21.565445,115.85907,15.443909,32.706455,36.994743,161.60323,263.9932,7.7893586,1.930858
191.9281,66.18011,134.99403,27.23591,219.69975,60.298088,18.026224,69.719505,63.01599,11.838566,67.831474,21.714588,115.66646,15.373503,32.812065,36.993835,161.54886,263.5918,7.8732796,1.9305338
193.0635,66.420685,134.07405,27.465748,220.22115,60.281643,18.181662,69.679565,62.73566,11.873105,68.06991,21.918537,115.43081,15.301695,32.89311,36.927883,161.352,263.82867,7.9590883,1.9321519
193.96117,66.61486,132.8586,27.675623,220.54262,60.125694,18.365725,69.61546,62.692303,11.901558,68.376274,22.115534,115.160324,15.2373085,32.92546,36.818554,160.97287,264.34897,8.03285,1.9346159
194.20015,66.79032,132.11203,27.81274,220.70076,60.047916,18.513369,69.5972,62.837223,11.899528,68.72612,22.385504,115.14627,15.205327,32.966835,36.769596,160.57497,265.04343,8.125859,1.9356886
194.04987,66.986725,131.84816,27.876272,221.23233,60.01803,18.628366,69.99611,63.15751,11.883502,69.03164,22.771374,115.563805,15.218334,33.194885,36.857845,160.5149,265.6978,8.225635,1.9340204
193.37292,67.18771,131.53156,27.88466,222.07303,60.014385,18.70119,70.29824,63.570934,11.863711,69.258415,23.160826,116.17241,15.274647,33.512665,37.04002,160.80106,266.34238,8.314978,1.9307153
192.79753,67.32495,131.35431,27.859732,223.11156,59.8545,18.709726,70.53232,64.003105,11.834486,69.38273,23.353456,116.641945,15.364143,33.720905,37.181267,161.40125,266.31653,8.402225,1.9284719
192.58902,67.30274,131.49458,27.792511,224.2415,59.60207,18.656652,70.69757,64.35436,11.777825,69.459816,23.345371,116.97187,15.458129,33.80428,37.284836,162.20854,265.30115,8.472234,1.9262311
192.6736,67.152245,131.80849,27.702688,225.28828,59.34584,18.585047,70.747375,64.5897,11.704439,69.5123,23.173485,117.174385,15.519685,33.802353,37.352108,163.06454,264.12204,8.519282,1.9240986
193.02533,67.001434,132.05544,27.611841,225.93893,58.887268,18.499186,70.71945,64.91195,11.653196,69.52816,23.000803,117.13119,15.546692,33.803627,37.35383,163.83888,261.88916,8.55739,1.9265397
193.48386,66.89381,132.19585,27.534647,226.19125,58.35143,18.42582,70.65813,65.38082,11.630371,69.512764,22.874794,116.92626,15.5488615,33.81801,37.30699,164.45421,259.3321,8.5874405,1.9321806
193.55875,66.76902,132.07431,27.450476,225.38219,57.830296,18.35298,70.38434,66.007484,11.595483,69.39579,22.759504,116.45329,15.650041,33.74715,37.168716,164.5711,256.3956,8.575775,1.9345547
193.30472,66.62919,131.81535,27.366892,223.8102,57.41036,18.296375,70.011536,66.74618,11.547007,69.197334,22.661255,115.86786,15.829792,33.62551,36.979225,164.22958,254.77377,8.531714,1.9335481
192.6599,66.53594,131.63489,27.295046,222.1529,57.167435,18.238226,69.81645,67.54904,11.51726,68.98355,22.606525,115.68572,16.006802,33.545605,36.788116,163.60085,254.4431,8.499908,1.9306501
191.85645,66.497116,131.55524,27.241762,220.75789,57.075085,18.192093,69.78805,68.35473,11.510357,68.794,22.511198,115.78781,16.140118,33.51527,36.629925,162.86801,254.89316,8.488203,1.9272697
190.98923,66.5003,131.54451,27.208515,219.75449,57.080505,18.190054,69.748146,69.141914,11.485765,68.62661,22.359365,116.01891,16.251654,33.56317,36.554432,162.35184,255.40486,8.439662,1.9214792
190.21877,66.52863,131.5675,27.192917,219.33348,57.093636,18.139187,69.73584,69.87179,11.442948,68.50785,22.38867,116.26573,16.319765,33.60529,36.517307,161.94121,256.00662,8.387854,1.914654
189.40234,66.56756,131.5106,27.19065,219.28375,57.014427,18.043322,69.74739,70.53122,11.404116,68.378624,22.60059,116.25264,16.298693,33.580093,36.535015,161.96605,256.56183,8.347132,1.9055291
188.76482,66.585106,131.13835,27.169619,219.2453,57.05111,17.924902,69.77079,71.0632,11.354203,68.19577,22.92448,116.04029,16.187304,33.51351,36.659145,162.61174,256.57037,8.321179,1.8959951
188.24673,66.57953,130.54347,27.132648,219.53079,57.267883,17.826283,69.7438,71.44439,11.287265,67.999954,23.24868,115.75387,16.0706,33.439583,36.847836,163.69319,256.42307,8.308455,1.8849876
187.98457,66.58074,130.12671,27.090794,220.3624,57.649982,17.76507,69.685585,71.63893,11.226164,67.82313,23.508356,115.70334,15.981949,33.4243,37.08084,165.11688,256.36304,8.331477,1.871541
188.30128,66.5937,130.55856,27.053396,221.71158,58.10952,17.738562,69.98967,71.65468,11.203419,67.80673,23.68688,115.8549,15.960108,33.45372,37.309166,166.63438,256.814,8.379113,1.866706
188.6286,66.7677,131.72322,27.025473,223.15828,58.700275,17.885345,70.49815,71.7632,11.238571,67.86056,23.889242,116.38415,16.00287,33.50083,37.495968,168.02078,257.95294,8.441011,1.8696487
188.57968,67.02489,133.41396,26.953377,224.04239,59.243793,18.071291,70.70032,71.926254,11.312394,67.934715,24.085741,117.1641,16.108519,33.546078,37.625164,169.00182,259.2383,8.496185,1.87815
187.94536,67.29553,134.8817,26.849773,224.32236,59.65114,18.21934,70.63176,71.93991,11.353668,68.004395,24.244013,117.95662,16.229214,33.3552,37.697838,170.06729,258.8521,8.536521,1.886335
187.00992,67.533615,135.87633,26.740717,224.16725,59.906002,18.307693,70.43227,71.74229,11.353498,68.0596,24.352064,118.600464,16.33239,33.026142,37.72506,171.2344,257.49866,8.561219,1.8922946
186.07448,67.71699,136.41307,26.646494,223.77888,60.03213,18.34449,70.21241,71.34875,11.324638,68.09838,24.413996,119.03585,16.40427,32.69208,37.72148,172.37656,256.24878,8.572959,1.895874
185.0828,67.68928,136.34294,26.632208,223.12614,59.81475,18.272755,69.82115,70.74029,11.28546,67.95843,24.06976,119.802345,16.511942,32.431366,37.56271,172.79295,255.1072,8.530083,1.8990271
184.30255,67.48538,136.11983,26.657986,222.55028,59.608643,18.158094,69.32293,69.98507,11.247755,67.661095,23.551514,120.89917,16.567276,32.405014,37.331367,172.54953,254.31902,8.455698,1.9062178
183.80742,67.18948,135.90558,26.698566,222.15605,59.534103,18.054667,68.8537,69.16294,11.217442,67.28479,23.048761,122.0261,16.567745,32.537247,37.098415,171.87108,254.05997,8.374911,1.9156449
183.4486,66.8128,135.46748,26.821592,224.44992,59.686234,18.009642,68.59894,68.45584,11.196277,66.9678,22.596394,123.17556,16.568596,32.862976,36.873558,170.86757,254.16635,8.311072,1.9233826
182.89719,66.3963,134.85635,27.026142,228.31349,59.787167,18.082027,68.42365,67.97104,11.171837,66.652534,22.26134,124.54412,16.594799,33.199177,36.683468,169.69987,254.35262,8.257037,1.9283892
182.49004,66.02214,134.3559,27.232578,232.35776,59.79914,18.299753,68.30121,67.595795,11.144862,66.410416,22.091713,125.94889,16.651735,33.546425,36.544773,168.5537,254.68036,8.240084,1.9352406
182.2933,65.729996,134.0379,27.399794,235.79024,59.75329,18.739487,68.22535,67.278275,11.142675,66.25935,22.022072,127.13198,16.75143,33.75613,36.460186,167.56763,255.04056,8.254225,1.9430603
182.2678,65.63916,133.88153,27.51391,238.00966,60.023552,19.365805,68.45179,66.96265,11.163264,66.33447,22.012712,127.96107,16.845057,33.709354,36.35242,166.28053,255.01233,8.31125,1.950234
183.5496,65.74255,133.65219,27.604809,239.82912,60.4055,19.88038,68.74022,66.674866,11.20791,66.660446,21.969095,128.657,16.928598,33.601963,36.2968,164.89098,255.0529,8.404186,1.9471053
185.65419,65.965645,133.39644,27.675995,241.36555,60.93165,20.189747,68.98388,66.43341,11.264047,67.1413,21.904284,129.20502,16.992092,33.506756,36.298477,163.60121,255.19257,8.507487,1.936493
187.75789,66.187874,133.64546,27.726,242.48085,61.336987,20.292183,69.09845,66.366905,11.307455,67.62414,21.919043,129.7993,17.014881,33.443035,36.33897,162.55156,255.03268,8.677986,1.9232349
189.42415,66.4055,134.10039,27.782406,243.069,61.700504,20.26695,69.166336,66.438835,11.30933,68.02858,21.895987,130.43478,17.006084,33.5449,36.39602,161.84914,254.6859,8.862467,1.9094789
190.5213,66.66581,134.82462,27.81392,243.68434,62.12648,20.263397,69.157585,66.61846,11.265743,68.32473,21.877796,131.06711,16.997684,33.693855,36.452347,161.57648,254.40813,9.022613,1.8989937
190.98111,66.96438,135.6687,27.845272,244.73454,62.795296,20.299082,69.26117,66.832985,11.196037,68.49321,22.017157,131.51508,17.02893,33.87094,36.497948,161.70427,254.25919,9.133859,1.8910178
190.97607,67.28201,136.4099,27.904516,245.85,63.611362,20.678972,69.330345,67.05841,11.132436,68.47148,22.307877,131.60095,17.084227,34.030785,36.56394,162.14668,254.29823,9.189199,1.883993
190.83334,67.578354,136.93735,27.9801,246.52377,64.36974,21.208658,69.34785,67.27637,11.074806,68.30091,22.5928,131.34937,17.124872,34.192955,36.64158,162.7554,254.2773,9.187683,1.8767507
190.67644,67.82321,137.24294,28.054367,246.72136,64.947296,21.662415,69.331184,67.474434,11.026657,68.05064,22.808784,130.93481,17.143757,34.33167,36.715187,163.39398,254.19543,9.149398,1.8701639
190.78377,68.00329,137.28038,28.087711,246.29263,64.97284,22.020794,69.300446,67.843636,11.0020275,67.86483,23.061586,130.88518,17.162355,34.33918,36.738686,164.01074,254.42815,9.140877,1.8679503
191.07796,68.11948,137.15779,28.081936,245.4617,64.62197,22.245132,69.26907,68.41888,10.998495,67.776985,23.309704,131.14612,17.181206,34.256687,36.71697,164.54924,254.83932,9.164454,1.8693565
191.42444,68.1814,136.98071,27.997032,244.49742,64.1764,22.344563,69.24362,69.075645,10.985074,67.7721,23.491241,131.53691,17.23052,33.962376,36.669525,164.9738,254.75417,9.20475,1.8726635
191.60751,68.07218,136.90681,27.861706,243.60129,63.69618,22.523464,68.59571,69.81303,10.941884,67.7177,23.54263,131.91327,17.26107,33.490433,36.58053,165.18396,254.5694,9.18863,1.8749729
191.62584,67.82959,136.91719,27.714941,242.88452,63.271606,22.712772,67.6188,70.58706,10.879202,67.59676,23.484251,132.20108,17.267284,32.99387,36.472046,165.19662,254.4301,9.123741,1.8759308
191.54073,67.5275,136.96492,27.585503,242.38306,62.909348,22.802538,66.65864,71.27197,10.81267,67.43523,23.376907,132.38243,17.257153,32.594475,36.3687,165.07224,254.36081,9.063326,1.8715825
191.41476,67.16439,137.01659,27.433279,241.98903,62.592762,22.761576,65.803185,71.778435,10.742273,67.30729,23.189125,132.39651,17.256891,32.473164,36.216866,165.05536,254.01898,9.017094,1.8668673
190.9335,66.68332,136.96426,27.220423,241.30861,62.09006,22.590765,64.94069,72.04549,10.658772,67.15136,22.90394,132.14845,17.232956,32.36738,36.005955,165.2273,252.98244,9.006418,1.8619853
190.24512,66.15261,136.85185,26.98497,240.42862,61.522293,22.39601,64.195564,72.07887,10.572962,66.97193,22.647926,131.76378,17.209743,32.25046,35.780346,165.53925,251.7245,9.023609,1.8576804
189.5518,65.65311,136.73358,26.770695,239.531,61.023834,22.244724,63.654152,71.91907,10.4968815,66.792625,22.462337,131.37518,17.194525,32.14613,35.582687,165.90791,250.72725,9.054744,1.8544146
189.3457,65.28384,136.27052,26.54988,238.47539,60.747894,22.275171,63.273705,71.62073,10.420014,66.63515,22.136887,130.68716,17.204258,31.93289,35.40192,165.99344,250.28975,9.114246,1.847918
189.67104,64.99431,135.47574,26.345137,237.39938,60.665462,22.399977,63.0937,71.212585,10.347981,66.51236,21.73085,129.86795,17.246664,31.772562,35.287098,165.77515,250.13342,9.187676,1.83959
190.28104,64.64174,134.27696,26.20793,236.64452,60.83191,22.39066,62.85011,70.8459,10.281947,66.42798,21.138577,128.82022,17.302895,31.648247,35.134945,165.17458,249.99034,9.219481,1.8271492
191.29373,64.24608,132.9717,26.142668,236.25728,61.1267,22.29962,62.630344,70.586555,10.238798,66.75041,20.517149,127.771774,17.4392,31.563711,34.95543,164.33113,249.86479,9.210228,1.8134987
192.19548,63.77559,132.25029,26.051256,235.69145,61.349358,22.198915,62.26307,70.40556,10.195482,67.510956,19.873102,126.84158,17.611994,31.377222,34.817776,163.4695,249.6808,9.157125,1.8043361
193.05457,63.247395,131.78262,25.934053,235.04765,61.385086,22.05423,61.691463,70.29964,10.145266,68.52,19.408709,126.13869,17.738138,31.145506,34.704887,162.55109,249.50629,9.082132,1.800104
193.66449,62.66746,131.58368,25.870705,234.73004,61.25239,21.919891,61.253227,70.372375,10.0765,69.66792,18.993742,125.468735,17.786608,30.984507,34.61867,162.01755,249.2283,9.019547,1.7951058
193.88434,62.15276,131.47964,25.895704,234.75215,60.920547,21.852585,60.795616,70.647934,9.999974,70.74851,18.617094,125.33625,17.793262,30.908579,34.525875,161.6117,248.80489,8.972482,1.7922543
194.04881,61.758842,131.61473,25.95593,234.71684,60.521053,21.792522,60.43212,71.13306,9.922866,71.658516,18.306252,125.787605,17.81295,30.801952,34.43331,161.25984,248.44902,8.97364,1.7931077
193.97632,61.497433,131.23146,25.994104,234.75436,60.120316,21.602806,60.035973,71.74673,9.843046,72.34743,18.08223,126.53051,17.811632,30.679853,34.354046,160.77611,248.17609,8.985696,1.7934859
193.73354,61.35392,130.54422,26.002459,234.86594,59.702724,21.384094,59.667976,72.40862,9.769035,72.81111,17.941416,127.29105,17.791243,30.573563,34.29631,160.18994,248.03459,8.995685,1.7928406
193.42848,61.301514,129.8506,25.989826,235.0178,59.335358,21.215284,59.385303,73.051094,9.708414,73.076324,17.873072,127.90985,17.762207,30.499987,34.261585,159.59177,248.01176,9.000917,1.7916229
193.02435,61.378136,129.03899,25.85714,234.5096,58.891228,21.286472,59.20518,73.91449,9.640779,73.0654,17.840368,127.50709,17.650087,30.507587,34.31677,159.29004,247.89679,9.028267,1.7874235
192.60605,61.50123,128.66418,25.613188,233.27931,58.494186,21.500454,59.11485,74.93337,9.5706,72.81691,17.915035,126.48146,17.493774,30.61441,34.40289,159.40431,247.82686,9.052502,1.7874291
192.1307,61.47043,128.66478,25.327057,231.688,58.20491,21.867317,59.088764,76.05602,9.507079,72.42892,18.050266,125.30995,17.375753,30.76204,34.485645,159.84006,247.82814,9.060356,1.797112
191.67747,61.29237,128.85872,25.061155,230.1046,58.03162,22.22374,59.10084,77.19628,9.45668,71.99763,18.19361,124.30371,17.312378,30.899628,34.54851,160.44193,247.87918,9.05442,1.8123032
191.31425,61.034256,129.10149,24.852114,228.77281,57.953873,22.475548,59.130413,78.26904,9.421665,71.59362,18.313763,123.591484,17.293812,31.001846,34.587345,161.0688,247.95006,9.041124,1.8280361
191.54555,60.740414,129.03491,24.850597,229.52365,58.156418,22.63194,59.378822,79.13022,9.448825,71.298035,18.349085,123.326675,17.253101,31.017208,34.675224,161.75755,248.06071,9.084392,1.8397169
191.95827,60.415527,128.77165,24.988676,231.57263,58.390835,22.704199,59.57783,79.70638,9.537398,71.0617,18.26121,123.316956,17.229206,30.974108,34.799747,162.30966,248.21797,9.151428,1.8466572
192.35106,60.100456,128.46802,25.187319,234.08717,58.572006,22.716139,59.679375,79.99311,9.633335,70.87122,18.14881,123.42746,17.226717,30.862785,34.929615,162.66438,248.3681,9.21845,1.8497314
192.64392,59.830727,128.21738,25.38673,236.4613,58.68595,22.860872,59.544262,79.98241,9.700078,70.72455,17.921951,123.57417,17.222162,30.682976,35.039654,162.92188,248.5167,9.272588,1.8502102
193.06277,59.490307,128.60837,25.469566,238.27327,58.78775,23.025776,59.38757,79.74596,9.7388525,70.55969,17.70217,123.78702,17.28116,30.4942,35.152603,163.11646,248.63097,9.322481,1.850695
193.42351,59.15018,129.72203,25.498869,239.44075,58.79128,23.146315,59.328865,79.41724,9.762051,70.39978,17.488695,124.24417,17.41333,30.481342,35.258167,163.1691,248.69406,9.378293,1.8544222
193.66664,58.83653,131.12587,25.532,240.14148,58.853714,23.232347,59.510693,79.09996,9.787671,70.30449,17.36139,125.11549,17.569508,30.595995,35.378483,163.13737,248.75221,9.419954,1.864467
194.15059,58.644104,132.37958,25.54823,240.49928,59.13613,23.470861,60.03027,78.841194,9.828388,70.34025,17.43009,126.21134,17.724026,30.660564,35.497814,163.15184,249.00966,9.449737,1.8788959
194.77618,58.57502,133.27628,25.546507,240.61674,59.524773,23.741762,60.66577,78.65457,9.877711,70.48341,17.610579,127.24682,17.849222,30.660364,35.59802,163.2325,249.33705,9.468576,1.8936539
196.33,58.687363,133.70522,25.532421,240.57976,60.067993,23.902042,61.12416,78.578224,9.937899,70.68412,17.79568,128.04665,17.882761,30.529337,35.704155,163.13326,249.58783,9.503905,1.9059281
198.36417,58.927044,133.79138,25.51249,240.45694,60.667183,23.979692,61.424366,78.75223,9.981722,70.89599,18.00739,128.56075,17.863066,30.33804,35.806046,162.84393,249.80785,9.550451,1.9145931
200.32254,59.218925,133.68964,25.491838,240.2991,61.192017,24.00039,61.593353,79.1775,10.003943,71.08683,18.203838,128.82132,17.8206,30.156025,35.890167,162.43953,249.96089,9.596892,1.9197351
201.86252,59.502567,133.51752,25.47366,240.1406,61.574974,23.988802,61.666183,79.789536,10.008527,71.239586,18.358086,128.89644,17.77509,30.019882,35.949184,162.00839,250.0419,9.6350155,1.9220612
202.75728,59.74152,133.5306,25.459452,240.00171,61.6371,23.91681,61.677433,80.595146,9.990044,71.67044,18.295763,128.18266,17.720083,30.125824,35.808548,161.17,249.554,9.661363,1.9224569
203.09557,59.920784,133.66704,25.449482,239.89178,61.478146,23.828182,61.655388,81.527695,9.956831,72.34462,18.101511,126.992836,17.665968,30.378546,35.518463,160.0049,248.87201,9.67614,1.9217272
203.99956,60.062828,134.01715,25.470951,239.90714,61.358685,23.73198,61.780468,82.465485,9.919051,73.24049,17.877947,126.04613,17.62195,30.703037,35.24731,158.86258,248.41057,9.6815815,1.9190432
205.30716,60.149853,133.50333,25.516048,240.02283,61.23015,23.631569,61.883472,83.31217,9.866396,74.20998,17.534918,125.503174,17.541815,31.002502,35.02325,157.6621,248.21411,9.693518,1.9153334
206.16985,60.14239,132.6608,25.569517,240.09262,61.061,23.45862,61.984875,83.98579,9.794697,75.14989,17.095438,125.450294,17.579313,31.036947,34.828045,156.54489,248.09174,9.698044,1.9058194
206.25241,60.03929,131.67921,25.591389,239.99933,60.758106,23.333775,61.804325,84.4652,9.704621,75.964264,16.713598,125.55725,17.705667,31.023878,34.635902,155.44073,248.01637,9.69422,1.8844972
205.90376,59.835114,130.91191,25.55418,239.31203,60.57997,23.156334,61.509365,84.74772,9.6234045,76.59821,16.547094,125.610306,17.859425,31.01931,34.463665,154.51244,248.03357,9.665819,1.8548484
205.86687,59.64644,130.9966,25.504843,238.59207,60.49586,23.153858,61.222424,84.89576,9.58041,77.32833,16.538391,125.74106,17.978651,31.027046,34.32961,154.1097,248.15627,9.602533,1.8319473
206.14757,59.512806,131.60565,25.463348,238.04709,60.471886,23.260704,61.002136,84.94933,9.573716,78.137405,16.618895,125.927185,18.049337,31.039125,34.241497,154.21805,248.31877,9.522693,1.8187857
207.39218,59.324856,132.53036,25.40807,237.8156,60.737915,23.413729,60.64672,85.24264,9.602969,78.94599,16.8221,126.6448,18.128464,30.814808,34.23156,154.68018,248.25189,9.503871,1.8122298
209.03354,59.09017,133.34586,25.31768,237.93835,61.121975,23.33508,60.35053,85.896774,9.635031,79.62577,17.084858,127.884094,18.159184,30.45908,34.2461,155.67618,248.00523,9.528369,1.8099864
210.58278,58.846794,133.90952,25.210325,238.28983,61.48915,23.115189,60.16328,86.78186,9.658144,80.123146,17.307077,129.24786,18.146492,30.104897,34.263687,156.88464,247.73137,9.573424,1.8103096
212.58464,58.49364,133.20749,25.108322,238.53958,61.51556,22.794928,59.644302,87.5779,9.593266,80.35994,17.198837,129.89082,17.993677,29.454185,34.206696,157.7845,246.93509,9.686203,1.8031925
214.44148,58.14119,131.82024,25.054148,238.62698,61.381863,22.505888,58.960506,88.18866,9.446616,80.313835,16.904612,129.79324,17.765415,28.415836,34.16232,158.33669,245.80553,9.837771,1.7908778
215.96315,57.893536,130.66566,25.12962,239.62502,61.20636,22.479616,58.482006,88.71959,9.231509,80.31033,16.604141,129.42133,17.638819,27.50374,34.18621,158.49706,244.85258,10.021973,1.7819384
217.03432,57.76496,129.95476,25.29805,241.34431,61.050426,22.609093,58.248333,89.20284,9.008968,80.42159,16.455088,129.02098,17.62056,26.894857,34.26385,158.35582,244.29079,10.203372,1.7777992
218.34883,57.75511,129.25609,25.582552,243.03378,61.065136,22.940058,58.139168,89.670364,8.787933,80.61911,16.280844,128.62317,17.68594,26.302921,34.53925,158.30847,243.91838,10.392587,1.7788408
219.73782,57.759136,128.81393,25.914686,243.61499,61.239166,23.343935,57.884712,90.09951,8.590692,80.90604,16.205801,128.73392,17.819702,25.729918,35.07988,158.67432,243.83495,10.565776,1.7873538
220.94049,57.74777,128.5311,26.142569,243.17627,61.00371,23.676144,57.445892,90.49995,8.447973,81.21188,16.16349,128.98839,17.987597,25.208364,35.667618,159.24976,243.8651,10.715464,1.8011416
221.80933,57.721172,128.37505,26.244848,242.13023,60.48328,24.000835,56.972355,90.86087,8.357518,81.48555,16.145082,129.22177,18.14448,24.683823,36.16512,159.8643,243.95541,10.830023,1.8159802
221.86711,57.75584,128.22322,26.16698,240.69385,59.985783,24.202406,57.605724,91.21518,8.313905,81.66229,16.154665,129.75555,18.26366,24.434608,36.582928,160.26402,244.44461,10.892513,1.8346281
221.90495,57.848236,128.09015,25.96899,239.2889,59.83787,24.282465,58.915745,91.558914,8.307811,81.73851,16.17972,130.44682,18.33801,24.44748,36.899925,160.4046,245.23772,10.910136,1.8609041
222.40138,58.129456,128.6487,25.837965,238.23294,60.303513,24.304993,60.429886,91.9229,8.359385,81.9086,16.223957,131.85567,18.389626,24.91746,37.10813,160.01099,245.88504,10.897579,1.8860165
223.1791,58.63491,130.12862,25.886593,237.96106,61.129654,24.200916,61.855213,92.233894,8.453257,82.18211,16.329105,133.57933,18.439226,25.535845,37.217857,159.239,246.42697,10.881967,1.9070249
223.97913,59.25374,131.86824,26.068079,238.32404,61.996876,24.04937,62.966026,92.45732,8.562331,82.50679,16.470308,135.1624,18.482044,26.171694,37.25148,158.30507,246.79927,10.870483,1.9222755
224.97766,59.910637,134.37329,26.248259,238.74792,62.83912,24.033924,63.697018,92.53552,8.761862,82.82578,16.651775,136.35133,18.5951,26.63152,37.269844,157.53458,247.0654,10.863296,1.9360726
225.9825,60.60484,137.00168,26.378025,239.14037,63.533207,24.055113,64.358795,92.48192,9.124089,83.09914,16.938137,137.08989,18.726198,26.937998,37.322163,157.12904,247.6405,10.858882,1.9521643
226.8162,61.21536,138.95761,26.477665,239.16841,63.978134,24.196396,64.81061,92.32431,9.528989,83.30734,17.222109,137.44254,18.804333,27.160622,37.364326,157.16557,248.33107,10.855894,1.9680232
227.74281,61.684483,140.10318,26.55087,239.07742,64.28402,24.3702,65.10143,92.2384,9.87221,83.44739,17.32488,137.52124,18.84326,27.261402,37.320656,157.34688,248.91835,10.853565,1.982517
228.17857,61.95641,140.59045,26.599054,238.97298,64.39365,24.546568,65.257935,92.21678,10.082794,83.50799,17.222664,138.18634,18.871157,27.26847,37.245995,157.43858,249.30923,10.838782,1.9939626
228.27116,62.0562,140.46353,26.625214,238.991,64.49046,24.656033,65.313095,92.2908,10.168163,83.50393,16.863144,139.24007,18.825602,27.318083,37.171997,157.34732,249.73064,10.828062,2.000242
228.16432,62.035103,140.02061,26.63403,239.117,64.58872,24.700865,65.30257,92.44925,10.160791,83.457756,16.523453,140.32193,18.732761,27.40105,37.114643,157.10999,250.12733,10.824515,2.0021315
227.9728,61.944557,139.5097,26.630857,239.29752,64.66993,24.703737,65.25757,92.66372,10.099624,83.39056,16.346457,141.1924,18.63013,27.531954,37.078636,156.802,250.38904,10.826525,2.001172
227.77138,61.825405,139.44484,26.620718,239.48288,64.72215,24.686666,65.20108,92.90225,10.017397,83.31849,16.23852,141.76582,18.543232,27.667706,37.06206,156.49324,250.45097,10.831501,1.998793
229.8919,61.950737,139.96614,26.690115,241.44313,65.25827,24.761196,65.51871,93.15262,10.01933,83.68498,16.368603,142.51009,18.648914,27.966873,37.095528,156.13763,251.00214,10.888574,1.9988915
233.71019,62.35926,142.21622,26.875694,245.47768,66.361885,24.750591,67.154396,93.207886,10.213162,84.55603,16.928951,143.32188,19.02817,28.378279,37.306053,155.85992,252.63205,10.981415,2.013956
237.89214,62.927544,145.12682,27.122158,250.48848,67.62717,24.683582,69.368835,93.01936,10.536097,85.722206,17.817068,144.02888,19.51891,28.773682,37.63109,155.69693,254.62292,11.08221,2.0379999
240.36436,63.431137,148.19366,27.489117,255.27104,68.813545,24.789341,71.0122,92.712166,10.927686,86.83475,18.565773,145.8777,19.98682,29.073412,37.83445,155.50041,255.62558,11.11924,2.0744984
241.12946,63.76912,150.92105,27.821098,259.05173,69.56874,24.865791,71.82083,92.288315,11.321054,87.729675,19.141287,148.55795,20.330141,29.209255,37.77919,155.11536,255.4511,11.097468,2.1111996
240.76158,63.940693,153.10577,28.114206,261.80093,69.86962,24.841549,72.114944,91.86507,11.634131,88.32365,19.597834,151.63986,20.579317,29.219446,37.53589,154.53886,254.47263,11.055194,2.1410537
239.96667,64.00616,155.32423,28.319788,263.76056,69.904526,24.792765,72.12366,91.48728,11.846082,88.72827,19.939814,154.3451,20.737812,29.161684,37.216663,153.92255,253.61519,11.0253315,2.1616728
239.13173,64.007675,157.22621,28.434084,265.04248,69.806595,24.751394,72.00037,91.178314,11.967023,88.99785,20.607418,156.29398,20.806257,29.081718,36.911827,153.37466,253.09962,11.012966,2.1736264
238.43878,63.9747,158.55963,28.474098,265.75964,69.660965,24.726013,71.83766,90.94589,12.029643,89.1641,21.42237,157.44406,20.809553,29.006899,36.67268,152.95415,252.87737,11.013611,2.1788464
237.94415,63.92699,159.30504,28.46333,266.0421,69.515854,24.714882,71.68468,90.78734,12.05455,89.25058,22.139986,157.94124,20.775679,28.949293,36.515812,152.67763,252.8378,11.021174,2.1795568
237.63683,63.877003,159.58601,28.423943,266.0238,69.39411,24.713211,71.56231,90.85296,12.04438,89.277626,22.803356,157.99416,20.72487,28.911144,36.434593,152.53288,252.8854,11.030856,2.177705
237.47714,63.831802,159.56836,28.510828,265.64386,69.3455,24.692312,71.47508,91.11008,12.011931,89.272446,23.35276,157.79828,20.671938,28.889662,36.410896,152.44537,252.71135,11.039757,2.160682
237.1942,63.883156,158.84654,28.75507,265.2252,69.43531,24.544298,71.940575,91.50174,11.958563,89.36065,23.70732,157.50223,20.65921,29.023514,36.45953,152.29295,251.91905,11.110524,2.138727
237.62003,64.015854,157.81161,29.077644,265.0661,69.64042,24.384794,72.91053,92.060104,11.884812,89.59401,24.07081,157.05249,20.709913,29.195087,36.623936,152.40375,251.47746,11.236916,2.116929
238.55217,64.18684,156.64902,29.395885,265.05988,69.91777,24.221313,73.7822,92.72941,11.827822,89.92529,24.292389,156.48322,20.741623,29.340904,36.816772,152.74055,252.03757,11.394278,2.1017249
239.51562,64.37933,155.45543,29.602388,264.85464,70.18734,24.168186,74.17042,93.45759,11.807224,90.306625,24.280779,155.62662,20.760275,29.438995,36.98609,152.96654,252.4532,11.547096,2.0906754
240.28593,64.56444,154.46507,29.69008,264.46326,70.39991,24.192635,74.181755,94.18516,11.817079,90.676,24.12951,154.69304,20.769169,29.4913,37.108578,153.00034,252.54115,11.671536,2.0831258
240.35057,64.764694,153.14119,29.63428,263.71808,70.455894,24.174025,74.2083,94.76776,11.796624,90.990814,23.995674,153.28706,20.754866,29.46205,37.252243,152.26247,252.668,11.758283,2.0828497
239.89818,64.96184,151.80786,29.48565,262.78427,70.399704,24.177767,74.34313,95.23111,11.780133,91.23484,23.870506,151.73967,20.760542,29.576784,37.406067,150.87317,253.09412,11.808663,2.0876672
239.78923,65.17813,150.94118,29.330505,261.76822,70.25217,24.248022,74.52458,95.55716,11.764033,91.30563,23.743715,150.54419,20.833494,29.738548,37.473877,149.45364,253.71088,11.829736,2.0889094
240.60393,65.41408,150.45346,29.12348,260.36908,69.992035,24.3628,74.7422,95.68919,11.725418,91.21651,23.573524,149.8183,20.874374,29.835743,37.457157,148.26436,254.2013,11.817682,2.086456
241.95193,65.64097,150.25061,28.895494,258.80176,69.70285,24.469936,74.94098,95.63457,11.670872,91.0239,23.340319,149.49782,20.874321,29.863443,37.387726,147.41432,254.475,11.784547,2.0821853
243.25224,65.745674,150.60501,28.71322,257.79678,69.49499,24.663872,74.882065,95.49265,11.648659,91.35905,23.144594,149.30653,20.849188,29.89451,37.370247,147.14478,254.72493,11.743664,2.0799935
244.13364,65.77517,151.7029,28.595345,257.42493,69.42289,24.862068,74.76151,95.29068,11.660891,92.14545,23.051605,149.47952,20.849304,29.93278,37.37444,147.28574,254.68425,11.691975,2.0785718
244.80128,65.717926,152.93976,28.56427,257.71136,69.488846,24.933567,74.70485,95.14975,11.694755,93.42009,22.997452,149.89053,20.88832,29.920734,37.34975,147.47108,254.36493,11.663919,2.0805418
245.5027,65.64808,153.86717,28.570847,258.22202,69.7087,25.046225,74.60489,95.27884,11.724481,94.983025,23.022217,150.44127,20.961912,29.920681,37.298172,147.66545,253.79051,11.698761,2.0818017
246.16637,65.59281,154.4149,28.591671,258.7383,69.85797,25.105907,74.68811,95.732086,11.73091,96.574554,22.97475,150.98253,21.1254,29.88874,37.34234,147.84422,253.19125,11.776415,2.0817912
247.57965,65.49218,155.12059,28.533304,259.71338,69.78459,25.174372,74.73346,96.60219,11.717343,98.06014,22.818333,151.64319,21.32242,29.837063,37.362083,147.71112,250.63133,11.829306,2.0838933
249.36676,65.35526,155.85135,28.411888,260.98477,69.575226,25.234497,74.72003,97.80812,11.693042,99.32432,22.623554,152.3023,21.497389,29.784529,37.33866,147.2863,248.29965,11.846926,2.0875793
251.06355,65.1862,156.44176,28.268192,262.56018,69.54776,25.332684,74.77757,99.324036,11.654538,100.308624,22.701328,152.84384,21.588879,29.742882,37.32153,146.69785,246.57849,11.838473,2.0916417
252.60631,65.05574,156.27106,28.13606,264.26068,69.9735,25.488626,75.03788,101.14828,11.621723,101.48462,23.014221,152.84264,21.623138,29.763424,37.321373,145.89177,245.54945,11.905531,2.0863702
254.04462,64.957886,155.54808,28.089428,265.55408,70.544914,25.695528,75.12677,103.11487,11.588603,102.8327,23.398272,152.22466,21.60488,29.775375,37.3702,144.93642,245.11385,12.006583,2.0760174
255.22546,64.88953,154.68094,28.11961,266.33325,71.064766,25.875473,75.05636,105.052704,11.53348,104.20212,23.743557,151.32063,21.442713,29.769836,37.451176,143.97487,245.13028,12.108083,2.0647192
255.08888,64.670494,153.10342,28.05694,266.30548,70.98092,25.810534,74.49935,106.97755,11.411179,105.11325,24.047611,149.9107,21.239906,29.469538,37.46837,142.84619,245.24,12.203458,2.0461943
253.9975,64.32742,151.34555,27.906021,265.6874,70.48638,25.621761,73.71985,108.81572,11.223092,105.502495,24.284113,148.36623,21.061092,29.012243,37.422226,141.64734,245.37328,12.282116,2.0246463
252.0936,63.960922,150.14728,27.71725,265.15225,69.86372,25.296432,72.77201,110.25932,11.005129,105.387184,24.591078,147.40536,20.934462,28.516863,37.447506,140.48067,245.39565,12.351098,2.0048316
249.9765,63.63676,149.55435,27.537136,264.86536,69.303,25.051758,71.88964,111.18135,10.797716,104.91965,24.711685,147.05153,20.862827,28.10002,37.544186,139.4672,245.36963,12.406705,1.9894961
247.78201,63.364765,148.74542,27.338243,264.34647,68.802216,24.899708,71.05979,111.743706,10.603421,104.44432,24.726131,146.5832,20.80255,27.718468,37.56859,138.59052,245.40196,12.496423,1.9778736
246.63268,63.133392,147.86438,27.144527,263.8064,68.32302,24.80517,70.284996,112.22613,10.467715,104.08969,24.838455,145.99423,20.719854,27.461372,37.51293,138.12349,245.70645,12.605499,1.9714067
246.12299,62.992844,146.94516,26.98215,263.07462,67.964775,24.735212,69.71863,112.724,10.394959,103.8775,24.963493,145.42754,20.667345,27.428513,37.44613,138.07104,246.08708,12.697283,1.9692057
246.00285,62.98374,146.0891,26.837355,262.2577,67.91617,24.621372,69.382095,113.28564,10.366043,103.639175,25.065979,145.13943,20.634483,27.496735,37.359833,138.37251,246.44534,12.759258,1.9697859
246.75505,63.1191,145.71933,26.690825,261.58405,68.166084,24.631021,69.49445,114.12751,10.4008875,103.31911,25.229618,145.1075,20.618464,27.641657,37.30554,139.2703,246.57402,12.8046255,1.9762654
247.57187,63.254654,145.64383,26.55705,260.3892,68.334465,24.548006,69.6601,115.414276,10.479215,102.768074,25.219574,145.23125,20.632654,27.709324,37.253716,140.25626,246.223,12.82353,1.9830731
249.39468,63.32257,145.9996,26.395638,256.70673,68.37711,24.469704,69.72478,117.09531,10.567874,102.19407,25.32622,145.64151,20.698929,27.65388,37.203674,141.03252,245.65825,12.83343,1.989786
251.50372,63.27949,146.64064,26.19961,250.57661,68.38247,24.424322,69.550354,118.94741,10.641265,101.61205,25.42296,146.26273,20.805832,27.486322,37.125217,141.56004,245.01186,12.8015,1.9940687
253.59773,63.13417,146.93489,26.003468,242.88048,68.25428,24.361252,69.414986,120.82386,10.691982,100.97705,25.432623,146.75673,20.884668,27.286686,36.99648,141.71591,244.52298,12.739875,1.9915279
255.452,62.869442,146.7304,25.754593,234.48547,68.013855,24.325,68.78705,122.596405,10.691571,100.30381,25.528189,146.97314,20.874418,27.066952,36.846764,141.41794,244.21964,12.668889,1.9830159
256.8718,62.522263,146.56119,25.62979,227.22897,67.75014,24.412289,68.07182,124.27164,10.633453,99.62292,25.582521,147.12198,20.821432,26.825874,36.67295,140.55936,244.05092,12.604136,1.9721969
257.69626,62.048714,146.51122,25.638817,220.56944,67.7827,24.523914,67.270485,125.86919,10.559937,99.11655,25.5881,146.94627,20.726183,26.516418,36.469078,139.19702,243.91216,12.528582,1.95906
258.12747,61.58889,146.82085,25.73647,214.58829,67.898254,24.56313,66.60188,127.307495,10.487517,98.52701,25.469078,146.78487,20.6381,26.212381,36.269756,137.89053,243.52354,12.464369,1.9492114
258.28967,61.348034,147.76106,25.871754,209.6018,67.925156,24.525518,66.30291,128.55104,10.46276,97.92427,25.290432,146.93837,20.59245,26.070175,36.069893,136.89436,243.34383,12.406875,1.9465773
258.06677,61.371323,148.62282,25.978512,206.17097,67.95831,24.48386,66.44796,129.59421,10.476327,97.39149,25.163876,147.37852,20.567457,26.309046,35.929207,136.65952,243.5287,12.359789,1.9522737
257.40082,61.49214,149.10405,26.01392,204.0767,67.920746,24.35986,66.82517,130.60979,10.511179,96.97114,25.002567,147.76407,20.538431,26.757017,35.821472,137.11577,243.70894,12.338645,1.9594139
256.9716,61.739975,149.35289,25.96305,203.05688,67.96568,24.265364,67.347374,130.96939,10.56448,96.737305,24.882416,148.07582,20.50831,27.221098,35.8504,138.00447,243.95712,12.352529,1.968296
257.1696,62.036476,149.45236,25.887396,202.7181,67.946304,24.266129,67.85677,130.57896,10.629952,96.75382,24.861406,148.37083,20.500261,27.589539,36.093777,139.38664,244.06189,12.325798,1.9786384
257.66855,62.34347,149.27551,25.789564,202.89629,67.87094,24.34235,68.153465,129.53383,10.707465,96.902855,24.89003,148.69737,20.510649,27.92442,36.39053,140.87929,244.08737,12.274811,1.9899707
257.68683,62.599155,148.68257,25.632757,203.18427,67.60638,24.314037,68.049995,128.1672,10.755105,96.96233,24.836798,148.92639,20.496696,28.147438,36.615013,142.07494,243.97325,12.231296,1.997368
257.06882,62.805252,147.95041,25.447378,203.38187,67.16911,24.22569,67.56012,126.69521,10.750868,96.87783,24.73003,149.04044,20.41463,28.162325,36.66748,142.70187,243.6748,12.204465,1.9991137
256.66425,62.93775,147.30608,25.271032,203.45465,66.70261,24.06252,66.83181,125.28109,10.690187,96.69955,24.615469,149.14069,20.266521,28.089777,36.546577,142.89073,243.23291,12.130081,1.9954598
256.47632,62.958523,147.31418,25.072649,203.82632,66.22622,23.949211,66.2131,123.99782,10.609556,96.30717,24.52062,149.30872,20.138384,27.949013,36.328648,142.79015,242.7569,12.009442,1.9875861
256.5545,62.981464,147.73952,24.876112,204.56265,65.98943,23.899027,65.85335,122.92838,10.556333,95.901184,24.50315,149.65363,20.05689,27.841143,36.090958,142.39032,242.32425,11.938403,1.9798659
257.8582,63.052532,148.46643,24.793203,205.7773,66.21918,23.965014,65.765144,122.08331,10.567249,95.908066,24.41128,150.36824,20.070847,27.926388,35.885635,142.04277,242.11421,11.964718,1.9769399
259.12103,63.185673,149.39906,24.790018,207.10493,66.75612,24.052948,65.84105,121.45928,10.603167,96.16638,24.252787,151.45042,20.196665,28.175924,35.73679,141.81104,242.06432,12.083895,1.9765375
260.6211,63.305817,150.3599,24.804161,208.1871,67.19195,24.122543,65.92767,121.002754,10.642462,96.6953,24.230341,152.73572,20.386953,28.373638,35.64717,141.69557,242.1366,12.208241,1.9847119
262.09662,63.342693,151.3308,24.78756,208.12189,67.40339,24.116016,65.88104,120.72889,10.669072,97.32024,24.36152,153.99536,20.7102,28.428274,35.57128,141.5259,242.07729,12.303927,1.9979595
