AAPL,AMZN,AVGO,COST,GOOG,GOOGL,HD,JPM,LLY,MA,META,MSFT,NVDA,ORCL,PG,TSLA,UNH,V,WMT,XOM
168.70709,127.84595,82.66191,548.7332,126.48695,126.82727,272.24158,140.58736,410.4751,351.42664,287.1765,344.0235,39.57972,119.247696,141.3086,269.2082,474.99927,214.08943,50.24076,94.357864
168.7942,127.673874,82.7897,548.91785,126.108826,126.506355,272.2564,141.21936,410.12656,352.21228,288.6512,343.89944,39.60124,118.76201,141.09558,270.87082,473.53116,214.94264,50.175343,94.23248
168.74019,127.6203,82.97164,549.01764,125.744286,126.190155,272.76947,141.99113,409.24976,353.3412,291.02853,343.70972,39.64373,118.40569,140.77885,271.96503,471.57715,215.75798,50.094753,94.190346
168.62749,127.934204,83.20105,549.20013,125.745125,126.25049,273.5772,142.84416,407.86395,354.62625,294.35165,343.70148,39.73762,118.24834,140.43492,272.86942,469.10382,216.5747,50.00009,94.14695
168.50822,128.58794,83.45821,549.74005,126.18176,126.7691,274.5856,143.7366,406.3518,355.9968,297.85233,344.01523,39.87963,118.34583,140.16106,273.86978,467.3111,217.3573,49.910667,93.90389
168.5029,129.36472,83.76349,550.83844,126.91386,127.59742,275.63885,144.94116,404.89102,357.25473,301.15485,344.65073,40.07028,118.63086,139.94101,275.40146,466.69934,218.0966,49.8395,93.47571
168.62997,130.07082,84.09669,552.45856,127.73514,128.5228,276.64987,146.2893,403.65298,357.97714,304.0898,345.9292,40.310833,119.10327,139.77846,277.54535,467.74323,218.62784,49.785007,92.91389
168.905,130.78496,84.433105,554.4566,128.44795,129.31203,277.66928,147.6045,402.7426,358.19724,306.7885,347.68414,40.58379,119.606445,139.71313,279.9836,470.36368,218.94838,49.746475,92.33311
169.23842,131.13951,84.73039,556.7256,128.80717,129.72829,278.6408,148.92189,402.3504,358.05518,308.2783,349.46646,40.852257,119.94549,139.79192,281.126,474.1365,219.01353,49.772823,91.89554
169.53609,131.10959,84.985825,559.1312,128.84564,129.80411,279.56815,149.96448,402.44745,357.6723,307.97263,350.948,41.08131,120.16218,140.09636,280.53625,478.61154,218.85085,49.87575,91.66952
169.7791,130.72054,85.207855,561.6908,128.73534,129.70943,280.62204,150.99454,402.88858,357.73297,306.0392,352.04825,41.261307,120.30665,140.60675,278.8926,483.39365,218.59116,50.049057,91.718124
169.98668,130.12523,85.42979,564.34326,128.62245,129.5837,281.77466,151.81732,403.5129,357.95844,303.2849,352.94327,41.4051,120.40111,141.25664,276.57022,488.18475,218.22632,50.259285,92.001656
170.19139,129.4005,85.6155,566.9976,128.92772,129.86703,283.13232,152.47644,404.1383,358.29388,300.60617,353.33154,41.51847,120.357735,141.96402,273.92297,492.62524,217.73274,50.48396,92.4064
170.36287,128.65616,85.753174,569.4241,129.6784,130.60307,284.61487,152.76971,404.69803,358.0653,299.27832,352.97394,41.611927,120.22484,142.57253,270.87543,496.4241,217.04738,50.688522,92.85874
170.56345,128.22679,85.85373,571.54315,130.90279,131.8311,286.1612,152.85036,405.22348,357.22742,300.28778,352.14767,41.7016,120.02705,143.20764,268.13324,499.40955,216.28314,50.86897,93.23833
170.82294,128.24095,85.92347,573.247,132.43655,133.3925,287.7638,152.92778,405.65384,356.1522,302.73715,351.00385,41.793076,119.849556,143.8709,266.04547,501.69284,215.61299,51.018585,93.648766
171.10841,128.48431,86.00678,574.37964,134.0098,135.01422,289.24182,152.94478,405.94427,355.30637,306.08383,349.7106,41.884148,119.749565,144.5202,264.39395,503.3351,215.18927,51.12144,94.065994
171.3047,128.59442,86.068115,574.86536,135.27649,136.34146,290.32556,152.70886,406.11688,354.25998,309.1485,348.1435,41.94572,119.63656,145.12602,262.7663,504.43933,214.93289,51.180912,94.39377
171.33453,128.5414,86.08249,574.9209,136.14604,137.26305,291.01846,152.40242,406.10428,353.30814,311.40915,346.32693,41.97145,119.44284,145.67538,261.33798,505.11926,214.84421,51.206436,94.689285
170.93477,129.04228,86.0409,574.5565,136.63188,137.77455,291.22168,152.08174,405.91464,352.44186,312.6357,344.40466,41.965496,119.17134,146.07582,259.94418,505.41623,214.89575,51.19199,94.97679
170.00224,130.28564,85.97756,574.0343,136.98848,138.128,291.1259,151.87825,405.6657,352.12323,313.36316,342.58105,41.943398,118.9245,146.38025,258.4843,505.65796,215.14757,51.185013,95.23881
168.65506,131.89357,85.88668,573.4401,137.30525,138.42097,290.80563,151.69922,406.5888,352.0168,313.57407,340.8552,41.90585,118.700935,146.62163,256.93466,505.821,215.46579,51.200603,95.4846
167.02008,133.41902,85.714485,572.9345,137.51393,138.59232,290.36954,151.30635,409.0483,352.0263,312.89856,339.1485,41.83082,118.41441,146.80486,255.04129,505.79218,215.7977,51.241035,95.79234
165.25412,134.70355,85.442055,572.6271,137.60997,138.64104,289.95294,150.74907,412.78012,352.3516,311.55234,337.49866,41.713596,118.062706,146.90181,253.04016,505.60867,216.1402,51.296314,96.18089
163.5094,135.67734,85.05994,572.5733,137.61063,138.58449,289.69144,150.25885,417.46875,352.7382,309.5897,335.90305,41.541603,117.679306,146.9562,251.015,505.45895,216.46736,51.372616,96.69364
161.95473,136.48193,84.63605,572.70953,137.63097,138.54837,289.5523,149.94844,422.8712,353.34824,307.62125,334.49054,41.35634,117.40676,146.9372,248.97183,505.5004,216.87717,51.440136,97.28845
160.61832,136.96971,84.193954,572.8909,137.61787,138.48836,289.59866,149.37555,428.76175,353.77695,305.65982,333.2567,41.183857,117.346054,146.80853,246.70587,505.62292,217.23232,51.473824,97.76153
159.49088,136.99092,83.73965,573.05963,137.50017,138.339,289.84344,148.54243,434.8088,353.95804,303.31827,332.182,41.031338,117.394775,146.52153,243.96951,505.66815,217.46481,51.474384,97.95954
158.49255,136.56108,83.27725,572.8669,137.3567,138.17015,289.97308,147.46774,440.56915,353.81607,300.12354,331.1562,40.89999,117.47365,146.06296,240.62369,505.2957,217.48912,51.38758,97.98199
157.61705,135.78796,82.818115,572.1839,137.10034,137.8865,289.9061,146.40372,445.90558,353.42627,296.25443,330.14642,40.789,117.61447,145.5096,236.7511,504.60916,217.35913,51.265137,97.97976
156.91199,134.93803,82.45097,571.0194,136.78621,137.5444,289.51572,145.57439,450.7617,353.0024,292.63776,329.3303,40.742542,117.809944,144.9045,233.43579,503.7084,217.18706,51.13138,97.94533
156.43327,134.13449,82.18822,569.3649,136.50105,137.23077,288.8742,144.68996,455.13525,352.98737,289.54553,328.7855,40.754456,118.03367,144.30678,231.18597,502.54,217.07338,50.996117,97.85464
156.29611,133.52988,82.062996,567.42004,136.46619,137.15846,288.17007,143.92325,458.99994,353.57657,287.55417,328.64655,40.830475,118.315926,143.82605,230.22879,501.08545,217.11447,50.890182,97.67117
156.34673,132.91672,82.02691,565.14984,136.54439,137.20795,287.36093,143.33958,462.26205,354.29596,286.15027,328.68353,40.961834,118.42887,143.46547,230.08289,499.40045,217.18526,50.799877,97.37559
156.55283,132.36584,82.04091,562.72614,136.67409,137.31238,286.511,142.93443,464.99127,355.32388,285.03516,328.862,41.119583,118.47607,143.25845,230.81364,497.63727,217.36542,50.73901,97.09356
156.91336,131.90714,82.09678,560.3739,136.87459,137.4909,285.8318,142.74748,467.24597,356.8369,284.43738,329.157,41.293724,118.53427,143.20087,232.22519,495.993,217.69388,50.72344,96.922485
157.50426,131.66534,82.23605,558.41864,137.32112,137.91316,285.5456,142.86517,469.07703,358.88187,284.84067,329.66922,41.497047,118.78355,143.26266,234.8933,494.61954,218.19408,50.770554,96.90804
158.39674,131.64203,82.462395,556.9617,138.06361,138.62776,285.8009,143.11758,470.44785,361.26642,285.89355,330.3931,41.731766,119.23834,143.40976,238.58978,493.524,218.84361,50.886547,97.07843
159.53622,131.96515,82.81329,556.1877,139.03102,139.56203,286.49283,143.19446,471.47745,363.52014,287.30875,331.23395,41.9902,119.80095,143.61641,242.8803,492.22427,219.54405,51.07295,97.403015
160.8587,132.56152,83.18164,555.9302,140.06873,140.56659,287.57385,143.14787,472.28873,365.6,288.8515,332.1329,42.250416,120.41233,143.85745,246.66386,490.60883,220.31631,51.281723,97.92538
162.26273,133.24252,83.5117,556.0489,141.05438,141.53117,288.64236,142.86295,472.96448,367.06378,290.57935,333.17355,42.498173,121.14189,144.01538,250.02759,488.89175,220.99454,51.457222,98.58315
163.44368,133.76663,83.77865,556.4693,141.84306,142.31216,289.4331,142.41177,473.56934,368.02072,292.28647,334.30954,42.7077,121.96123,144.04909,252.71791,487.10947,221.54971,51.602207,99.33124
164.12425,134.23329,83.94885,557.1476,142.4419,142.90881,289.99158,141.78383,474.315,368.68433,293.78192,335.3814,42.860687,122.834305,144.03581,254.65034,485.59338,222.01147,51.7518,100.06423
164.28246,134.68187,84.02197,558.0715,142.92288,143.3944,290.3734,141.12463,475.4314,369.1529,294.92517,336.43445,42.947506,123.748055,143.98654,255.7317,484.3972,222.39351,51.911507,100.7862
164.03879,135.40887,84.01551,559.373,143.34236,143.82434,290.60498,140.61865,477.04642,369.60373,296.34888,337.56564,42.967995,124.66278,143.99472,257.22583,483.47266,222.69713,52.08085,101.39286
163.43773,136.25584,83.92361,561.00006,143.62437,144.12578,290.62442,140.51218,479.13577,370.00226,297.66895,338.58084,42.928284,124.82065,143.96123,259.1072,482.79285,222.92915,52.249844,101.996284
162.52345,137.31822,83.776215,562.8528,143.83846,144.36055,290.44116,140.72775,481.54846,370.31976,298.94846,339.52127,42.84815,124.268326,143.90836,261.3572,482.31805,223.11815,52.405994,102.551
161.44928,138.48462,83.63308,564.93396,144.08995,144.6258,290.28308,141.4233,484.0087,370.32498,300.57684,340.46515,42.74501,123.288185,143.92395,263.98117,482.1252,223.01375,52.551376,103.116104
160.32301,139.345,83.484795,566.9152,144.35368,144.89626,289.8567,142.32863,486.1215,370.1437,301.69946,341.1632,42.61217,122.12491,143.9653,266.68002,482.29037,222.59631,52.669807,103.59119
159.32515,139.7864,83.32917,568.80023,144.63907,145.19026,288.9606,143.24751,487.6756,370.08823,302.2914,341.50766,42.454407,120.87863,144.03387,268.77548,482.74487,222.09763,52.73525,103.978195
158.57185,139.71608,83.16846,570.5982,144.92174,145.484,287.5613,144.0141,488.69327,369.91693,302.61896,341.49857,42.275036,119.68008,144.10089,270.11893,483.22076,221.58832,52.74921,104.26073
157.98242,139.10707,82.98181,572.2641,144.95738,145.52867,285.66626,144.49765,489.17883,369.40942,302.44742,340.9691,42.066475,118.614136,144.14772,270.57718,483.95663,221.05238,52.73386,104.39745
157.46565,137.76404,82.727455,573.52075,144.5557,145.12193,283.3048,144.5943,488.94504,368.1472,301.59412,339.9297,41.81839,117.573425,144.11308,269.9609,485.24677,220.30257,52.669674,104.32407
157.01436,135.90636,82.44431,574.3909,143.77501,144.31,280.6697,144.25763,488.04373,366.32913,300.4701,338.43613,41.54366,116.548065,143.97253,267.97516,487.2028,219.30496,52.575146,104.07907
156.66862,133.99228,82.16878,574.92926,142.8123,143.28804,278.05966,143.75244,486.6504,364.37122,299.45178,336.65677,41.26448,115.544,143.71013,265.0162,489.79752,218.08296,52.481686,103.78724
156.31439,131.95628,81.88797,575.0502,141.67815,142.08641,275.52484,143.07869,484.91815,362.05804,298.55402,334.6054,40.99251,114.45343,143.30421,261.44452,492.65616,216.60365,52.393974,103.52433
155.87416,129.94191,81.60539,575.07684,140.5786,140.91954,273.16318,142.46393,483.00143,359.68216,297.72058,332.42062,40.743908,113.30196,142.7151,257.52527,495.43777,214.98546,52.303493,103.49562
155.35727,128.11168,81.35825,575.2925,139.71286,140.00208,271.16684,142.1986,480.96176,357.83746,297.38382,330.2752,40.53473,112.23004,141.95753,253.88925,498.1356,213.4687,52.228172,103.67983
154.81778,126.65054,81.15917,575.6707,139.06183,139.3153,269.5604,141.9548,478.7841,356.3737,297.29797,328.36047,40.37517,111.2989,141.09283,251.04349,500.49445,212.115,52.127865,103.91957
154.37924,125.7522,81.01851,576.3315,138.77428,139.00713,268.2414,141.54616,476.54932,355.2593,297.7713,326.95193,40.28134,110.5698,140.18106,249.18771,502.73102,211.0303,52.0064,104.04461
154.04877,125.07461,80.89557,577.082,138.7239,138.96103,266.81967,140.92422,474.15805,354.11304,298.31247,325.85376,40.235878,109.94772,139.31248,248.02292,504.72235,210.13734,51.859722,104.027176
153.85893,124.64745,80.79056,577.9887,138.97227,139.22716,265.28653,140.29997,471.7392,353.17526,299.0405,325.13232,40.231136,109.51869,138.57272,248.0303,506.44467,209.51454,51.735825,103.694244
153.84114,124.37353,80.702835,578.9616,139.43954,139.72762,263.72104,139.85548,469.5534,352.59155,299.8384,324.77625,40.26562,109.335526,137.9021,249.0591,508.0589,209.24881,51.616642,102.964775
154.05415,124.33013,80.67233,579.60254,140.16922,140.48975,262.30087,139.85883,468.07062,352.61374,301.31558,324.96185,40.345173,109.432686,137.30945,250.80371,509.85675,209.36417,51.45603,101.860855
154.51541,124.500626,80.72665,579.8323,141.11652,141.46906,261.23868,140.16324,467.49695,352.84854,303.55756,325.72775,40.457607,109.76212,136.77745,252.87575,511.9037,209.74944,51.250504,100.71528
155.14987,124.89032,80.86649,579.77014,142.15248,142.53337,260.76126,140.69455,467.88376,353.54492,306.46628,326.9124,40.596764,110.209785,136.37627,255.1537,514.03894,210.3776,51.05409,99.69345
155.91344,125.56654,81.10461,579.611,143.29553,143.6976,260.78336,141.35342,469.44446,354.49582,310.04083,328.45645,40.765335,110.705795,136.04161,257.41238,516.11084,211.11143,50.903706,98.69245
156.76369,126.4593,81.48135,579.40906,144.39601,144.80449,260.9329,141.96423,472.09158,355.4948,313.62283,330.1811,40.958134,111.17096,135.7672,259.28284,518.0502,211.89238,50.82061,97.72682
157.5816,127.271194,81.938034,579.28143,145.27399,145.6769,261.00143,142.68823,475.51318,356.2544,316.16663,331.82584,41.147495,111.530464,135.61267,260.28082,520.21234,212.68752,50.81427,97.009514
158.29248,128.06372,82.46171,579.41034,145.9838,146.35947,261.19208,143.4199,479.46146,356.96356,317.93323,333.39816,41.32606,111.792,135.64085,260.5209,522.5731,213.54309,50.892147,96.60003
158.81555,128.74141,82.98874,579.87427,146.57538,146.91147,261.47357,144.01799,483.53525,357.66272,319.28616,334.8484,41.463055,111.98481,135.8383,260.24493,524.96643,214.46284,51.033115,96.53819
159.09677,129.05482,83.48471,580.6378,146.97519,147.26462,261.54065,144.25525,487.43903,357.66214,319.88834,336.07828,41.528004,112.09181,136.31778,259.10367,527.22784,215.2322,51.207817,96.83366
159.13948,129.03111,83.89367,581.36884,147.17056,147.4137,261.1824,144.1218,490.77512,356.65613,319.53503,337.0889,41.516174,112.12854,136.99055,256.18094,529.11676,215.62961,51.374393,97.39296
158.91222,128.56856,84.172,581.57806,147.07956,147.28404,260.43137,143.5037,493.3229,354.7538,318.17294,337.75305,41.42842,111.830475,137.73715,251.32167,530.4197,215.6335,51.47715,98.001274
158.46457,127.877335,84.333046,581.13947,146.80977,146.96814,259.37003,142.40414,494.96393,352.3998,316.50327,338.14407,41.297768,111.29325,138.46646,245.1403,530.9693,215.25008,51.55007,98.46723
157.8872,127.25158,84.43295,580.1189,146.5674,146.67621,258.07446,141.13857,495.9765,350.29828,314.81232,338.3661,41.156235,110.60682,139.19281,238.65222,530.9389,214.7215,51.64598,98.68825
157.19136,126.342636,84.44551,578.62695,145.71687,145.7936,256.58588,139.88329,496.47992,348.65677,312.42325,338.78622,40.998814,109.78822,139.91724,232.40158,530.6672,214.27602,51.7604,98.68873
156.30092,125.06993,84.33265,576.7708,144.07047,144.11333,254.91063,138.84764,496.35367,345.87427,308.73917,339.12057,40.81032,108.86616,140.56958,226.51588,530.2844,213.75938,51.863064,98.48534
155.29202,124.10882,84.12358,574.588,141.83594,141.82436,253.11514,137.53888,495.54913,342.2054,304.7345,339.32022,40.59413,107.94217,140.99426,221.31834,529.7639,213.08452,51.93128,98.04799
154.31636,123.94558,83.85641,572.5356,139.45569,139.36563,251.56346,136.29788,494.24924,338.96646,301.42188,339.6051,40.368206,107.11842,141.26216,216.55286,529.2992,212.4506,51.99551,97.46262
153.47884,124.5336,83.56349,570.76575,137.19987,137.02548,250.55292,135.49452,492.47864,336.88983,299.01617,340.06046,40.141106,106.51692,141.45596,212.43793,529.1326,212.02486,52.068546,96.82497
152.92235,125.859825,83.291214,569.45764,135.35608,135.11458,250.19984,135.12294,490.37082,336.0403,298.18826,340.9088,39.941006,106.25201,141.59312,209.34245,529.18176,211.9805,52.173122,96.205414
152.78003,127.69586,83.0961,568.6412,134.06003,133.78622,250.77287,135.34753,488.44196,336.4606,298.67813,342.2025,39.79525,106.33665,141.76518,207.94063,529.5057,212.48048,52.31245,95.82313
153.00316,129.749,83.01427,568.3962,133.38046,133.10626,252.16428,136.13945,486.74637,337.9444,300.26764,343.96796,39.729515,106.73614,141.92593,208.23648,529.90295,213.43689,52.45469,95.65357
153.57082,131.8153,83.03977,568.8995,133.28,133.03912,254.02563,137.32205,485.6849,339.96234,302.57147,346.17795,39.7532,107.3896,142.09036,209.8148,530.34656,214.6609,52.584755,95.555824
154.46541,133.88882,83.18247,570.10974,133.66142,133.47092,256.0444,138.5814,485.40225,342.24637,305.34225,348.78256,39.85827,108.17955,142.2385,212.31422,530.9325,216.01793,52.706657,95.39194
155.61655,135.79274,83.44666,571.7412,134.40437,134.27225,258.05322,139.77022,486.08835,344.51035,308.27325,351.68106,40.03385,109.14722,142.33353,215.28677,531.6161,217.34785,52.792675,95.080765
156.89096,137.30838,83.80679,573.44556,135.26431,135.19006,259.50824,140.7082,487.2609,346.3708,311.10367,354.61362,40.264965,110.20883,142.3847,217.76347,532.4076,218.44429,52.83245,94.65097
158.29135,138.5709,84.310165,575.3948,136.22064,136.19438,260.4628,141.58804,488.69635,348.20334,314.15927,357.6379,40.54841,111.30663,142.44907,219.63101,533.32886,219.39116,52.87203,94.204834
159.69743,139.54532,84.91866,577.58716,137.17668,137.18193,260.83716,142.2987,490.42197,349.93094,317.30457,360.57748,40.871887,112.41084,142.5854,221.33136,534.37305,220.17535,52.948338,93.86012
161.0874,140.44052,85.629616,580.253,138.15189,138.15718,261.43405,143.09515,492.3474,351.6645,320.7511,363.39102,41.229313,113.544846,142.77463,223.62396,535.4166,220.88724,53.0575,93.67251
162.42255,141.11314,86.40979,583.4798,139.1518,139.13177,262.6488,144.04884,494.06387,353.2038,324.01385,366.0025,41.596325,114.56851,142.95667,226.78241,536.31915,221.58331,53.219883,93.60416
163.69962,141.51544,87.18696,586.62354,140.24649,140.18524,264.326,145.19498,495.404,354.4502,326.89716,368.5239,41.960575,115.448105,143.1643,230.11432,537.0691,222.26883,53.179344,93.56045
164.8817,141.82802,87.94465,589.3161,141.28917,141.18924,266.25183,146.48853,496.37164,355.60486,329.32034,370.75894,42.307884,116.19878,143.31572,233.20795,537.564,222.95334,52.904373,93.62845
165.98001,142.16386,88.69118,591.5127,142.24629,142.11246,268.2339,147.7686,497.08813,356.93857,331.5575,372.83075,42.640663,116.890076,143.35309,235.87843,537.7663,223.62068,52.45992,93.78643
166.95155,142.38371,89.389084,593.31665,143.11755,142.95595,269.95908,148.82468,497.56454,358.66016,333.39194,374.63034,42.950497,117.49067,143.25279,238.28421,537.8474,224.32718,51.9456,93.99593
167.78665,142.64062,90.00007,594.91644,143.95418,143.77695,271.46555,149.61475,497.86877,360.6202,335.05237,376.2456,43.217888,117.99414,143.10588,240.08989,538.0175,225.10397,51.43309,94.19928
168.43777,142.95007,90.52055,596.4401,144.64485,144.46475,272.80496,150.15938,498.1295,362.682,336.3227,377.6835,43.425835,118.40027,142.97821,241.2802,538.432,225.9271,50.985847,94.39521
168.89122,143.34238,90.90453,598.00275,145.14604,144.96402,273.972,150.44696,498.2751,364.32538,336.9314,378.96872,43.57766,118.72427,142.88779,241.95241,538.98285,226.72867,50.642197,94.54566
169.17915,143.73158,91.141655,599.57416,145.49416,145.31638,275.0511,150.57059,498.29315,365.43378,337.22397,380.21362,43.676003,118.96679,142.88168,242.71373,539.4934,227.40166,50.44079,94.638
169.3048,144.02286,91.23772,600.93463,145.60365,145.4363,276.02072,150.67632,498.20233,366.12125,336.91068,381.3238,43.73208,119.13619,142.9054,243.58682,539.724,227.96039,50.324898,94.60182
169.31093,144.1821,91.19141,602.1229,145.36858,145.21298,276.95752,150.97725,498.01978,366.78787,335.7593,382.2553,43.74105,119.2455,143.03539,244.3152,540.1657,228.50497,50.255154,94.465645
169.27303,144.28445,91.03463,603.2432,144.81721,144.66351,278.12064,151.48906,497.6792,367.4991,333.84863,382.87277,43.707874,119.34902,143.22903,244.74083,540.8283,229.03143,50.188396,94.28294
169.17755,144.222,90.79239,604.3914,143.91945,143.75891,279.67947,152.20277,497.20905,367.7286,331.20825,383.0136,43.627563,119.40115,143.42018,244.69774,541.6849,229.43553,50.11395,94.06596
169.14645,144.14206,90.476425,605.7314,142.88501,142.70596,281.48953,152.95712,496.686,367.53857,328.0963,382.79214,43.518578,119.34587,143.3461,244.37746,542.7166,229.70024,50.060806,93.74233
169.1849,143.94688,90.095,607.30865,141.813,141.6084,283.46347,153.43509,496.17728,367.2236,324.85312,382.22345,43.3832,119.088615,142.97694,243.94931,543.8259,229.82457,50.007164,93.266174
169.33478,143.80174,89.70333,609.1441,141.16656,140.93011,285.42947,153.67294,495.7062,367.11954,322.42136,381.45624,43.241432,118.69812,142.3849,243.66588,544.88776,229.89647,49.92988,92.65147
169.62627,143.78198,89.373055,611.1412,140.92494,140.65886,287.24152,153.92998,495.41724,367.1574,321.40472,380.7011,43.11614,118.27648,141.61818,243.64737,545.8748,229.94775,49.805122,92.02602
169.96039,143.77855,89.2771,613.5124,140.89107,140.61638,289.0079,154.28441,495.15808,367.5308,321.14966,379.97995,43.006947,117.94668,140.80206,243.68167,546.5808,230.0229,49.65269,91.47496
170.31999,143.8558,89.51857,616.34955,140.8959,140.64891,290.76535,154.83066,494.87674,368.5015,321.87207,379.4037,42.925175,117.121254,140.03749,243.55203,547.02277,230.24869,49.49793,90.96396
170.77287,144.08945,90.10109,619.84155,140.8932,140.68805,292.8949,155.51259,494.73148,370.11932,323.34958,379.00516,42.877922,115.875206,139.50179,243.33142,547.343,230.72963,49.405148,90.54368
171.31639,144.35269,90.97588,623.5553,140.83037,140.67484,295.69974,156.51399,494.44876,371.56924,325.11627,378.53897,42.86675,114.26699,139.05518,243.62361,547.17413,231.26479,49.351677,90.36499
171.8968,144.7449,92.08338,627.8827,140.74326,140.63846,299.0689,157.77615,493.92368,372.6063,326.96872,378.0698,42.893013,112.607376,138.61798,244.61884,546.3894,231.72565,49.3331,90.39929
172.41647,145.49046,93.35394,633.29755,140.83136,140.76651,302.50836,159.15831,493.26907,373.65863,329.3551,377.6904,42.964237,111.152435,138.28065,246.108,544.9523,232.07701,49.38028,90.621605
172.85876,146.48787,94.69349,639.53723,141.16,141.12303,305.70978,160.67592,492.56906,374.79184,332.48413,377.4496,43.069748,110.051956,138.06915,248.07155,542.9491,232.37921,49.492386,91.03272
173.1563,147.46825,95.974976,645.75287,141.75754,141.7477,308.30304,161.90201,491.7522,375.44412,335.93997,377.27383,43.180695,109.22095,137.87349,249.8281,540.3463,232.53033,49.612656,91.48206
173.29468,148.40454,97.15262,651.54095,142.6502,142.66924,310.18408,162.8247,490.8514,375.8967,339.61465,377.2098,43.29155,108.68027,137.67749,251.44656,537.45123,232.62735,49.734417,91.90829
173.26271,149.21378,98.189835,656.8124,143.77827,143.83801,311.36676,163.43645,489.89255,376.28122,343.13565,377.28528,43.395958,108.40279,137.5322,252.80905,534.54254,232.66057,49.88092,92.28284
173.0736,149.8554,99.08701,661.5523,145.0148,145.12311,311.9856,163.88644,488.92175,376.58044,346.3128,377.4851,43.495224,108.32694,137.48116,254.05537,531.8128,232.67188,50.03954,92.59999
172.77179,150.3186,99.83966,665.89655,146.1603,146.33022,312.14493,164.31892,488.13153,376.84085,349.18243,377.75726,43.5903,108.37627,137.52586,255.42029,529.46954,232.66875,50.220253,92.83118
172.41907,150.62227,100.448906,669.75854,147.10933,147.34647,311.91992,164.81316,487.5798,377.2031,351.6875,378.09308,43.681675,108.50798,137.62775,256.50577,527.6516,232.71657,50.403603,92.90304
172.0321,150.7055,100.91761,673.01135,147.81203,148.10172,311.39365,165.27908,487.29166,377.63968,353.46487,378.488,43.768402,108.64637,137.79129,256.96616,526.41113,232.81805,50.5735,92.814545
171.43967,150.4804,101.217026,675.394,148.20705,148.51799,310.61862,165.86842,487.36542,377.73642,353.99432,378.77237,43.834282,108.70017,138.09346,256.79504,526.07904,232.89705,50.747517,92.724205
170.59059,149.92989,101.31992,676.74866,148.37201,148.66737,309.39813,166.41353,488.12128,377.28238,353.31732,378.8846,43.86774,108.58947,138.47362,255.67596,526.6865,232.89568,50.919224,92.73228
169.47426,148.92955,101.23242,677.2492,148.25803,148.49696,307.8422,166.95724,489.50955,376.53555,351.9896,378.75433,43.872948,108.34149,138.90892,253.74266,528.137,232.87979,51.04964,92.80336
168.15468,147.6748,100.99097,677.292,147.88783,148.03638,306.3359,167.53906,491.41977,375.6917,350.74298,378.39807,43.868095,108.015816,139.30275,251.29538,529.9346,232.87564,51.11153,92.91983
166.87074,146.6138,100.67935,677.25586,147.5121,147.5475,305.29486,168.05774,493.76596,375.13998,350.27554,378.07086,43.897446,107.75083,139.66805,248.80891,531.73914,233.00453,51.13818,92.974174
165.74698,146.03038,100.36168,677.44073,147.33548,147.25844,304.7224,168.3069,496.37274,374.95636,350.50943,377.9087,43.983498,107.53981,140.02536,246.31964,533.4187,233.29654,51.165745,92.88044
164.87415,146.05753,100.07001,678.0554,147.44669,147.28114,305.01355,168.35417,499.1213,375.46524,352.06668,378.13547,44.137875,107.40824,140.39409,243.91422,534.8733,233.75772,51.23832,92.60233
164.25444,146.65044,99.84852,679.1054,147.78967,147.56644,306.0676,168.20045,501.9424,376.3333,354.59412,378.81024,44.356045,107.38764,140.78462,241.40572,536.1269,234.30377,51.34937,92.18633
163.87212,147.56349,99.71905,680.71643,148.30133,148.04993,307.58035,167.7972,504.81784,377.46384,357.87738,379.95682,44.619946,107.54233,141.17935,238.48611,536.6487,234.86609,51.48369,91.76708
163.62227,148.48663,99.68818,682.7453,148.88586,148.63026,309.38562,167.15205,507.55884,378.58716,360.97327,381.50803,44.926033,107.83951,141.51546,235.3335,536.29956,235.43208,51.6311,91.30394
163.41896,149.17941,99.72537,685.0658,149.40404,149.16882,311.14505,166.3255,509.9793,379.4796,363.5355,383.28943,45.256046,108.21406,141.7744,232.01381,535.3852,236.02203,51.76242,90.784294
163.40172,149.70737,99.86413,687.5827,149.91145,149.70708,312.76617,165.5224,511.9655,380.3372,365.9596,385.25433,45.60206,108.71038,141.91711,228.58217,533.9056,236.66595,51.9035,90.23782
163.67981,150.21771,100.19136,690.3343,150.55844,150.38362,314.3691,165.18134,513.5251,381.58127,368.71783,387.41925,45.973827,109.33118,141.925,225.27043,531.6368,237.43654,52.03533,89.71972
164.2994,150.69003,100.711136,693.1558,151.31346,151.1596,315.66245,165.23448,514.7348,383.27103,371.56418,389.62613,46.364685,110.03697,141.83557,222.13983,529.0075,238.29678,52.147133,89.26562
165.22864,151.1769,101.38544,695.7748,152.153,152.0146,316.29352,165.39435,515.6457,385.03607,374.44724,391.8029,46.762527,110.83845,141.95871,219.34712,526.41125,239.17256,52.24127,88.952675
166.3418,151.71016,102.19095,698.022,153.09341,152.96666,316.1102,165.71463,516.358,386.60538,377.51288,393.9588,47.16645,111.78635,142.26277,216.95259,524.0049,240.0064,52.276886,88.875496
167.50377,152.30568,103.04187,699.68,154.2381,154.11508,315.42487,166.38232,516.85504,387.70477,380.7128,396.0973,47.568794,112.84563,142.82939,213.81798,521.2821,240.78442,52.296383,89.13955
168.55983,152.99678,103.8435,700.88904,155.5206,155.40665,314.68564,167.1622,517.29675,388.4641,383.8522,398.1321,47.95326,113.91403,143.61697,209.9025,518.49884,241.2896,52.340042,89.7269
169.4119,153.85406,104.565155,701.92126,156.87633,156.79346,314.1088,167.93143,517.8174,389.10626,387.13647,400.1424,48.320694,114.87159,144.5181,205.92886,515.89136,241.72304,52.42439,90.527145
169.92465,154.65244,105.17882,703.04724,158.10822,158.06436,313.81802,168.97363,518.44476,389.99432,390.3058,402.071,48.669292,115.684204,145.48018,202.39813,513.5694,242.2722,52.54801,91.49109
169.98631,155.05525,105.64245,704.18835,158.54736,158.53407,313.61426,169.91974,519.1646,391.3291,392.47595,403.55936,48.98408,116.2348,146.40721,199.36374,511.8415,242.78601,52.686363,92.40999
169.70619,155.30666,105.98137,705.52875,158.19734,158.18877,313.73526,170.55846,520.11475,393.7238,393.83884,404.67145,49.270668,116.69429,147.31575,196.96489,510.61902,243.35411,52.873135,93.15335
169.17464,156.2836,106.25027,707.18274,157.30904,157.29276,314.04858,170.9986,521.3732,396.6863,399.74716,405.66565,49.55562,117.12609,148.12389,195.18741,509.90125,243.96062,53.115334,93.65827
168.5473,157.86893,106.500854,709.13074,156.20775,156.17393,314.35513,171.25914,523.3354,399.36484,408.97998,406.48682,49.86888,117.5636,148.79164,193.65526,509.3849,244.49823,53.369625,93.91246
167.97383,159.68248,106.725235,711.24774,155.12651,155.06989,314.62296,171.44386,525.9697,401.7034,419.3907,407.11847,50.20233,117.949104,149.33719,192.45917,509.16852,244.96909,53.624504,93.99101
167.52686,161.5183,106.96401,713.60144,154.25146,154.18318,315.12296,171.6131,529.304,403.692,430.3213,407.797,50.556316,118.34532,149.77512,191.74174,509.50262,245.46582,53.85303,93.95408
167.19421,163.14748,107.24604,716.2094,153.66025,153.59113,315.91095,171.69283,533.2474,405.0019,440.7604,408.5855,50.91643,118.72448,150.0927,191.58556,510.38135,245.86166,54.040318,93.93428
166.98178,164.74414,107.578964,718.94135,153.49051,153.43661,316.87238,171.71187,537.6002,405.65018,449.79694,409.63385,51.285965,119.06422,150.24512,192.10193,511.6079,246.15054,54.179897,93.86421
166.82617,166.12895,107.92623,721.6246,153.6129,153.59502,317.98044,171.7782,542.0703,405.86484,457.05826,410.77875,51.657303,119.31809,150.23392,192.8754,512.9805,246.28482,54.291622,93.802155
166.63463,166.99228,108.24686,723.9406,153.78609,153.8188,318.78522,171.71857,546.46924,405.9446,461.93954,411.66898,52.018387,119.39006,150.06206,193.50348,514.3256,246.30962,54.361835,93.724106
166.35698,167.48213,108.53468,725.9471,153.9519,154.03923,319.19547,171.74316,550.7835,406.32693,465.4455,412.29102,52.37036,119.318,149.74844,194.07506,515.54285,246.33043,54.38413,93.60384
165.99129,167.6367,108.78928,727.7204,153.92064,154.06064,319.37747,172.2773,554.92163,407.39578,468.65994,412.5921,52.69968,119.08833,149.40685,195.1725,516.70184,246.51265,54.379585,93.58937
165.5217,167.5316,108.9868,729.2734,153.56932,153.7472,319.48706,173.06427,559.0118,408.66028,471.09128,412.53745,52.997833,118.68367,149.12088,196.80986,517.82416,246.76297,54.379898,93.70503
164.95674,167.11449,109.10073,730.64764,152.97723,153.1785,319.5969,173.9479,562.76245,408.6494,472.5719,412.14816,53.240417,118.036606,148.96217,198.49852,518.8755,246.89377,54.487377,93.87205
164.36081,166.57652,109.13364,731.794,152.34312,152.54402,319.79337,174.89012,565.9413,408.0249,473.01126,411.49063,53.40933,117.20252,149.01299,200.02347,519.8515,246.93243,54.659264,94.14352
163.84799,166.40843,109.19363,732.95935,151.84933,152.03462,320.39233,175.99277,568.70416,408.09103,473.74655,410.91223,53.576775,116.40452,149.25493,201.39899,520.8718,247.17589,54.88502,94.49198
163.41306,166.6771,109.30543,734.28375,151.54274,151.70352,321.3985,177.19327,571.1187,409.00577,474.86646,410.51666,53.769535,115.77785,149.64293,202.329,521.96216,247.64328,55.13502,94.82476
163.01433,167.24358,109.48357,735.9231,151.06749,151.21085,322.6483,178.24037,573.2401,410.5008,476.07614,410.24936,53.991364,115.307396,150.0721,203.10944,523.02496,248.28854,55.433586,95.11514
162.6856,167.87233,109.70214,737.82043,150.44395,150.57062,324.13828,179.03317,575.0288,412.1947,477.51074,410.0708,54.23183,114.98926,150.43591,203.87059,523.6355,248.9821,55.755245,95.33713
162.40384,168.41432,109.93109,739.92566,149.60596,149.72318,325.8223,179.6557,576.41943,414.0758,478.85825,409.95978,54.472614,114.81118,150.72754,204.7264,523.24603,249.73216,56.068462,95.49967
162.14162,169.0392,110.16412,742.0316,148.7488,148.84712,327.6831,180.29655,577.38727,415.6084,480.3441,410.05447,54.709637,114.74247,150.901,205.64195,521.7177,250.36882,56.2963,95.62008
161.86171,169.8198,110.506,744.1212,147.89334,147.98386,329.7445,180.82768,578.23047,416.7981,482.6332,410.41577,54.95445,114.840935,150.95633,206.57904,519.14734,250.85776,56.43318,95.77074
161.42809,170.64247,110.969765,746.34564,146.88487,146.98807,331.68045,181.35101,579.15845,417.0706,485.2833,410.9907,55.22051,115.089645,150.9495,206.78004,515.6249,251.09415,56.520096,95.887505
160.68237,171.19647,111.46205,748.69476,145.73831,145.85403,333.2277,182.02812,580.0873,416.5314,487.42838,411.37723,55.506966,115.3001,150.90472,205.78056,511.21545,251.05179,56.614033,96.01106
159.61597,171.39725,111.9394,751.36523,144.48419,144.60077,334.3632,182.8599,580.9819,415.82184,489.19543,411.42743,55.81717,115.473755,150.85185,203.53117,506.24152,250.83107,56.75052,96.20018
158.32104,171.51086,112.437256,754.5649,143.36188,143.48172,335.076,183.51482,581.8148,414.90363,491.5815,411.3298,56.15986,115.70966,150.85002,200.50107,501.28815,250.43141,56.909588,96.47605
156.9777,171.5368,112.84568,756.902,142.52737,142.66138,335.2822,183.95477,582.4074,414.04678,494.1533,411.11118,56.50032,115.91995,150.89557,197.01529,496.72223,249.98753,57.057697,96.85678
155.7785,171.28911,113.11443,757.6735,142.14194,142.28528,334.9786,184.20718,582.467,413.35205,495.24103,410.7681,56.810543,116.15012,151.02402,193.57295,493.14908,249.59221,57.20553,97.33118
154.83246,171.0199,113.23925,757.35004,142.20279,142.36063,334.42844,184.48238,582.15076,413.1119,495.71445,410.61853,57.10642,116.97305,151.23727,190.49294,490.71976,249.4145,57.383858,97.81123
154.10597,170.893,113.20219,756.2641,142.658,142.84811,333.99744,184.9447,581.61633,413.44547,495.67834,410.74936,57.38515,118.28286,151.52026,187.56747,489.29715,249.50871,57.575787,98.29594
153.62607,171.05742,113.03016,754.6671,143.56027,143.78775,333.63382,185.13704,581.004,414.42468,495.08502,411.40546,57.630043,119.86784,151.80284,184.43185,488.70187,249.8716,57.758648,98.84824
153.36307,171.19327,112.72923,752.6549,144.65988,144.94078,333.22992,185.29512,580.3372,415.4873,493.64047,412.32965,57.835392,121.52201,152.04156,181.26656,488.77383,250.2871,57.900135,99.431076
153.30713,171.21455,112.3326,750.52423,146.10594,146.46019,332.71796,185.71045,579.72736,416.61212,492.36792,413.3675,58.004333,123.18402,152.21304,178.77608,489.19638,250.73486,58.002193,100.03906
153.48944,171.21413,111.87896,748.48456,147.76141,148.20372,332.4552,186.41824,579.31384,418.0355,491.52136,414.51086,58.144997,124.813965,152.34319,177.06192,489.96246,251.26183,58.069916,100.66582
153.95001,171.36278,111.45497,746.84753,149.54263,150.07468,332.7337,187.50832,579.12805,419.8612,491.67136,415.8003,58.26661,126.33624,152.45123,176.28532,491.004,251.90887,58.128586,101.26273
154.41618,171.65645,111.18412,745.7486,151.25702,151.86124,333.98267,189.0247,579.12366,421.84634,492.81674,417.2914,58.378098,127.67822,152.53802,176.19926,492.12766,252.66782,58.194107,101.808754
154.78815,172.07889,111.0998,745.001,152.93285,153.58897,335.83264,190.38913,579.25336,423.20657,494.7193,418.9059,58.49408,128.75446,152.59576,176.4767,493.15875,253.19652,58.236626,102.27634
154.98886,172.61304,111.18253,744.40125,154.47491,155.16096,337.62744,191.20251,579.49396,423.47238,496.58868,420.38925,58.619728,129.48958,152.56319,177.00153,493.88638,253.34592,58.23645,102.70129
154.98015,173.10057,111.36977,743.8568,155.83868,156.53589,338.9126,191.59583,579.8268,422.9547,497.67645,421.59204,58.74304,129.92987,152.45706,177.90367,494.47095,253.12631,58.19592,103.03927
154.89685,173.57347,111.59956,743.35913,156.99889,157.68938,339.85236,192.10698,580.2497,422.11636,497.80566,422.4664,58.848396,130.09412,152.39336,179.21318,495.00812,252.57747,58.139038,103.330246
154.75714,174.04706,111.841896,742.922,157.95602,158.61168,340.43396,192.82037,580.7342,421.49744,496.6818,423.01126,58.931164,130.06375,152.38986,180.59792,495.57797,251.82196,58.053257,103.63948
154.54048,174.53104,112.104385,742.29816,158.92871,159.53995,340.02643,193.45062,581.0923,420.95956,494.99118,423.3711,58.991753,129.90747,152.36699,181.83467,496.03027,250.95418,57.93954,103.9995
154.22467,174.97618,112.36683,741.21765,159.90099,160.45851,338.45023,193.89005,581.29376,420.56592,493.54196,423.54605,59.029175,129.63776,152.30186,182.40668,495.3313,250.08221,57.7705,104.49251
153.85529,175.4563,112.64286,739.5564,160.84395,161.33592,335.85773,194.07603,581.4554,420.16702,493.14676,423.5413,59.044292,129.37631,152.01213,182.33968,493.39017,249.2277,57.576447,105.084274
153.44922,175.80148,112.877914,737.3939,161.4818,161.90436,332.56772,193.90611,581.5565,419.2207,494.01047,423.32605,59.028465,129.08447,151.4717,181.92145,490.34143,248.32298,57.387592,105.722916
153.0577,176.29211,113.07821,735.11017,161.87001,162.21626,329.02344,193.6987,581.7418,418.4196,496.77524,423.13165,58.992435,128.80113,150.78595,181.05225,486.5658,247.5293,57.24053,106.41751
152.67844,176.93799,113.24282,732.89764,162.17818,162.45181,325.7977,193.6591,581.9874,418.09653,500.41702,423.02527,58.940804,128.52504,150.05768,180.22913,482.48334,246.93103,57.14024,107.078804
152.3587,177.6855,113.37219,731.0359,162.56487,162.76524,323.14355,193.6251,582.09076,417.70605,504.0568,423.06415,58.87148,128.23671,149.39519,179.84357,478.56592,246.49977,57.082493,107.674835
152.06029,178.4584,113.456924,729.7146,163.01619,163.14996,320.66235,193.38498,582.0356,416.98138,507.4051,423.1639,58.79511,127.88503,148.8781,179.70564,474.77728,246.12299,57.099743,108.22189
151.99516,179.36691,113.56539,729.16956,163.6466,163.73108,318.1644,192.99332,581.82074,415.9868,510.4544,423.3973,58.73364,127.54759,148.46432,179.83499,470.9319,245.82037,57.153492,108.68594
152.25339,180.1633,113.67423,729.3434,164.33484,164.38995,315.51624,191.20564,581.40656,414.71017,512.4306,423.60382,58.68416,127.170166,148.11278,179.99892,467.01056,245.60466,57.222496,108.98273
152.68254,180.60571,113.73742,729.78253,164.84853,164.89072,312.62518,188.4915,580.81274,412.96243,512.6138,423.5074,58.635365,126.71294,147.81749,179.63596,463.3533,245.28712,57.281643,109.07383
153.0719,180.67891,113.76357,730.1941,165.11336,165.14253,309.52975,185.35107,580.0536,411.0303,511.26114,423.08344,58.58977,126.23453,147.60007,178.46997,460.90656,244.85686,57.318302,108.94302
153.28801,180.35173,113.70973,730.4373,165.19688,165.21413,306.36444,182.30624,579.21704,409.23856,508.6047,422.3237,58.534058,125.69702,147.50491,176.55638,460.19125,244.40964,57.32318,108.640015
153.2741,179.6229,113.54854,730.3906,165.18942,165.19434,303.362,179.88826,578.3255,407.3765,505.6863,421.1137,58.46833,125.016106,147.58195,173.90417,461.5325,243.94986,57.282448,108.23207
152.9906,178.36964,113.22825,730.0208,165.05339,165.03815,300.83585,178.73802,577.2342,405.64688,501.78265,419.39334,58.35733,124.18434,147.84094,170.66629,464.83945,243.44565,57.220337,107.84963
152.50925,176.94472,112.78448,729.5187,164.92671,164.87921,298.9508,179.03995,575.9892,404.30402,497.24893,417.33185,58.2108,123.25783,148.33295,166.93625,469.24878,243.02565,57.18382,107.58092
151.94714,175.72667,112.28944,729.16296,164.95581,164.86975,297.8478,180.56284,574.79694,403.83395,493.49213,415.29517,58.05455,122.34145,149.03679,163.16045,473.90497,242.79955,57.129425,107.46289
151.45242,174.6601,111.80073,729.07574,165.20656,165.06924,297.18277,182.74998,573.6307,404.0586,490.7493,413.5241,57.890217,121.51582,149.90616,160.53752,478.31876,242.80374,57.092262,107.477715
151.11668,173.57648,111.39639,729.24054,165.47328,165.28076,296.73276,185.0459,572.4318,404.65607,485.79617,411.8529,57.737186,120.800766,150.83986,159.75705,482.41843,243.00096,57.0965,107.598495
150.94012,172.8697,111.16002,729.76605,166.46614,166.2223,296.5444,187.07162,571.2911,405.40195,478.7714,410.44214,57.628696,120.306244,151.68774,160.60164,486.15613,243.29845,57.135555,107.62931
151.02592,172.6711,111.09356,730.55023,167.89021,167.62645,296.66736,188.61612,570.29565,405.7492,470.0116,409.23834,57.57259,120.00141,152.39288,163.84622,489.2715,243.52274,57.199947,107.601326
151.26575,172.5213,111.125595,731.4069,169.31447,169.05847,296.9298,189.48616,569.89746,405.26852,460.46606,407.87296,57.557995,119.72679,153.00095,168.55212,491.52792,243.5,57.231644,107.47859
151.54562,172.53714,111.1438,732.2099,170.57896,170.34999,297.13315,189.81113,570.1378,403.5415,451.76736,406.42215,57.55842,119.47693,153.5296,173.68042,492.95093,243.18576,57.19579,107.17606
151.91516,173.05545,111.10055,733.1276,171.75479,171.55228,297.3816,189.75728,570.72327,400.99963,444.83728,405.05142,57.573704,119.26827,153.99573,178.52983,493.94968,242.66191,57.145145,106.73472
152.67827,174.08759,111.03385,734.43744,172.85599,172.67729,298.02374,189.37393,571.26654,398.4264,440.5355,404.09045,57.614235,119.14107,154.42226,182.74644,494.7166,242.06505,57.107246,106.21543
153.80354,175.57915,111.00098,736.42096,173.8939,173.736,299.02924,188.9875,571.9034,396.65524,439.512,403.80643,57.693428,119.2019,154.80356,186.32312,495.40765,241.652,57.09204,105.72139
155.18686,177.29126,111.011086,739.33704,174.99274,174.85083,300.18198,188.67154,572.75684,396.01505,441.2635,404.07248,57.800915,119.415375,155.18378,188.89746,496.2791,241.6294,57.134937,105.28225
156.6954,178.93758,111.08659,742.8578,176.03297,175.90446,301.2332,188.8624,573.7932,396.36642,445.04938,404.75937,57.924904,119.70086,155.52953,190.29414,497.43173,241.99886,57.211803,104.918625
158.25102,180.44276,111.19972,746.985,176.96086,176.84882,302.45984,189.62996,574.9131,397.35736,450.04236,405.76172,58.048286,119.97125,155.85963,190.51144,498.92673,242.7024,57.319565,104.74673
159.7195,181.60402,111.36216,751.6633,177.67726,177.58371,303.80496,190.82207,575.93097,398.7123,455.42374,407.01114,58.16676,120.19303,156.20094,189.62709,500.84656,243.69012,57.444088,104.747856
161.10638,182.33266,111.57018,756.38074,178.19676,178.11235,304.90683,192.11371,576.7474,400.1839,460.02975,408.36838,58.2792,120.34526,156.50102,188.11392,503.03912,244.77113,57.565754,104.87262
162.4136,182.7091,111.85728,760.85986,178.59637,178.5163,305.62405,193.55751,577.39575,401.29153,463.72507,409.79272,58.38771,120.623665,156.73099,186.61642,505.38577,245.74438,57.64481,105.10204
163.6768,182.76335,112.27559,765.1058,179.00499,178.93713,306.3301,195.01118,578.1237,402.2411,467.1002,411.40326,58.504894,121.073975,156.91692,185.25047,507.8459,246.6701,57.674988,105.43567
164.87589,182.44595,112.783745,769.1728,179.51607,179.47789,306.8467,196.32088,578.8557,403.10825,469.68835,413.10638,58.6303,121.66984,157.12488,184.12624,510.41495,247.48097,57.87361,105.79793
165.97144,181.93234,113.32063,773.0617,180.19894,180.20836,307.19852,197.60956,579.53656,403.96207,471.3509,414.777,58.752342,122.39613,157.35222,183.40198,513.0882,248.15543,58.275074,106.21982
166.96063,181.28595,113.86423,776.6418,181.0558,181.11209,307.12323,197.7903,580.2541,404.69894,472.0129,416.4557,58.873775,123.22477,157.56714,182.9527,515.53033,248.62337,58.786667,106.62978
167.8636,180.57843,114.375565,779.98553,182.05438,182.14273,306.5595,197.45355,581.19556,405.2288,471.6287,418.2006,58.99545,124.088524,157.79355,183.25452,517.7766,248.78891,59.36706,106.946396
168.62924,179.88963,114.82689,783.09216,183.0257,183.13441,305.3759,196.80736,582.36945,405.36722,470.69058,420.00677,59.113365,124.91832,158.00275,183.97806,519.73944,248.67262,59.953022,107.03758
169.11823,179.15201,115.20886,785.80914,183.7329,183.85771,303.56424,195.92514,583.7587,404.81168,469.4144,421.7155,59.256824,125.643684,158.08134,184.57101,521.2437,248.29976,60.469437,106.81627
169.39735,178.38925,115.53624,788.34656,184.1924,184.33229,301.27753,195.40211,585.2756,403.7853,468.79895,423.31335,59.437607,126.188446,158.0102,185.10506,522.00464,247.7689,60.908195,106.3355
169.52278,177.74942,115.82151,790.81934,184.52882,184.6675,298.95688,195.14525,586.8309,402.14404,469.06866,424.77087,59.672855,126.61627,157.72917,185.4739,521.903,247.03712,61.244858,105.76881
169.54929,177.27223,116.04863,793.0839,184.76501,184.89275,296.7494,194.91533,588.3764,400.02747,469.67905,426.03015,59.954666,126.924644,157.21945,185.63454,520.4895,246.09544,61.47456,105.16848
169.54384,176.78877,116.19001,795.2383,184.73444,184.85109,295.044,194.80849,589.88776,397.79086,469.89578,426.69772,60.25118,126.85448,156.59264,185.73741,517.8041,245.13419,61.609367,104.60934
169.56566,176.1089,116.21052,797.1731,184.46864,184.57094,294.20166,195.1606,591.3695,396.1148,469.59607,426.72372,60.539124,126.4299,156.0288,185.8101,514.62134,244.309,61.710865,104.29088
169.68213,175.39633,116.109924,798.9434,184.06833,184.1616,293.8706,195.74367,592.8828,394.8161,469.56107,426.1642,60.820248,125.84938,155.60742,185.77977,511.50085,243.59735,61.80169,104.10789
169.90546,174.81383,115.91994,800.7901,183.65086,183.73808,293.8431,196.08324,594.42017,393.9611,469.89844,425.23248,61.09318,125.26975,155.44136,185.57155,508.99356,243.08525,61.922344,103.918335
170.25409,174.52925,115.759186,802.87866,183.3712,183.43925,294.07272,195.93906,595.93225,393.6264,471.63184,424.31537,61.367783,124.871864,155.47566,185.21945,507.19193,242.85797,62.091145,103.7081
170.65775,174.75403,115.65879,805.3353,183.3196,183.35913,294.51355,195.42221,597.41254,393.829,474.45468,423.60306,61.63665,124.71892,155.74239,184.92613,506.00885,242.98563,62.292355,103.53072
171.13094,175.34596,115.63002,808.1304,183.35388,183.37218,294.89603,195.07327,598.9281,394.45258,477.76096,423.13666,61.891777,124.87669,156.12462,184.74168,504.97455,243.46214,62.441402,103.35027
171.54099,176.29436,115.69966,811.16583,183.44855,183.44864,295.381,194.93828,600.5773,395.235,481.63168,423.0038,62.12932,125.2201,156.54747,184.48999,504.0464,244.03395,62.569576,103.18237
172.23103,177.44345,115.87864,814.29504,183.65129,183.6367,296.12088,194.40292,602.3401,395.98383,485.97986,423.30203,62.343784,125.62477,156.96078,183.98427,503.2527,244.55898,62.67157,102.99698
173.42625,178.59868,116.18102,817.33,184.00755,183.97346,297.45642,193.24976,604.1579,396.16544,490.46225,424.19263,62.542316,126.69678,157.23413,183.55948,502.5052,244.8037,62.727795,102.74099
175.10497,179.44249,116.75563,820.09827,184.3405,184.29509,299.464,192.01674,606.0721,395.99826,494.38614,425.6093,62.73509,128.36646,157.39438,183.58661,501.91733,244.78712,62.759693,102.38663
177.05138,179.91106,117.63203,822.69073,184.66318,184.61272,301.8603,190.98792,607.9982,395.63812,497.51373,427.40717,62.9264,130.31844,157.48697,183.87996,501.51328,244.55437,62.792255,101.92478
179.17001,180.08664,118.813416,825.3342,184.98651,184.93771,304.45605,190.38716,609.9041,395.47372,499.95425,429.54767,63.11168,132.42427,157.56908,184.75615,501.09872,244.20459,62.848866,101.369255
181.24689,179.98698,120.17953,828.089,185.18582,185.15472,307.20398,190.38396,611.7803,395.67947,501.34668,431.83203,63.295166,134.63724,157.70288,186.02985,500.36005,243.91183,62.934444,100.828125
183.00583,179.90288,121.56227,830.731,185.3036,185.29767,309.89047,190.97154,613.5451,396.3197,501.9328,434.0708,63.465107,136.74774,157.85324,187.32803,499.3759,243.85765,63.05612,100.47916
184.2768,180.09703,122.80729,832.8641,185.49088,185.54749,312.4261,191.6148,615.1322,397.36807,501.54077,436.23328,63.60862,138.57402,158.02045,188.52145,498.19632,243.98062,63.19386,100.310104
185.06009,180.33493,123.809845,834.3669,185.79515,185.90877,314.46234,192.39758,616.5537,398.73425,500.6666,438.20392,63.70705,139.99313,158.1998,189.5107,497.15036,244.25897,63.374516,100.44113
185.44595,180.5709,124.54493,835.40155,186.41925,186.56769,315.32797,193.11546,617.90967,400.0683,500.32858,439.99722,63.77579,140.98235,158.31111,190.48965,496.19827,244.52275,63.514977,100.84923
185.64589,181.21996,125.04309,836.1142,187.3079,187.47769,315.18387,193.6094,619.1955,400.94916,500.8206,441.62854,63.824337,141.56389,158.36195,191.91641,495.3232,244.71365,63.63476,101.43957
185.79538,182.49402,125.343216,836.48804,188.40727,188.59247,314.30746,194.06404,620.4454,400.66565,502.34863,443.1027,63.85376,141.89563,158.33255,193.83315,494.60666,244.54276,63.717903,102.12748
185.85652,183.90929,125.50418,836.55664,189.43112,189.6425,313.12854,194.80908,621.6244,399.3818,503.65848,444.26343,63.86692,142.11037,158.16557,196.07355,494.78677,243.85701,63.75761,102.83417
185.99202,185.44167,125.596634,836.30634,190.30994,190.54245,311.55252,196.05681,622.7646,397.33203,504.42236,445.31494,63.869125,142.33955,157.7899,198.97116,495.49625,242.79414,63.750694,103.48285
186.34082,187.1176,125.67012,836.04913,191.11595,191.3619,309.66052,197.87946,623.80695,395.5295,504.9337,446.38586,63.86099,142.61548,157.29819,203.37589,496.5806,241.73515,63.736046,103.98972
186.93698,188.64665,125.799255,835.9765,191.88829,192.13194,307.58377,199.85875,624.6667,394.5202,505.3349,447.52722,63.855953,142.96584,156.77167,209.74695,497.60788,240.88144,63.73502,104.36023
187.85033,190.038,125.97779,836.55554,192.82724,193.0602,305.55405,201.3452,625.4321,394.33057,507.46622,448.8753,63.853355,143.381,156.33047,217.62944,498.3344,240.35034,63.831947,104.542854
189.05112,191.19682,126.22299,837.7433,193.8394,194.06226,303.96802,202.27026,626.1567,394.45953,510.56412,450.36993,63.857296,143.83093,156.07242,226.25046,498.7469,239.97215,64.0009,104.49839
190.44908,192.09026,126.51201,839.4885,194.82707,195.04253,302.81998,202.98293,626.946,394.61517,514.0195,451.7541,63.87403,144.1158,155.96361,235.175,498.97714,239.64206,64.21536,104.210655
192.03082,192.75179,126.83038,841.5741,195.82155,196.02832,302.38705,203.56511,627.85516,393.9037,517.6255,453.06946,63.909275,144.2592,156.00908,243.76624,499.3813,239.2327,64.4647,103.79309
193.55713,192.92487,127.13216,843.11664,196.53148,196.72342,303.0529,203.97498,628.82733,392.70923,519.7597,454.02725,63.946735,144.33589,156.1187,250.41914,500.1533,238.72638,64.693565,103.39965
194.96634,192.63144,127.39396,843.76154,196.8757,197.03996,304.92432,203.95198,629.89545,391.65942,519.4514,454.52866,63.983437,144.45662,156.28555,255.02405,501.4905,238.29288,64.853775,103.09771
196.30591,191.91771,127.6171,843.6164,196.96614,197.08813,307.59714,204.1398,631.04034,391.22092,516.95654,454.6148,64.01616,144.57414,156.40106,257.9723,503.42758,238.09714,64.95708,102.994804
197.57156,190.9776,127.78951,842.90656,196.76805,196.84428,311.091,204.93376,632.15985,391.28763,512.7034,454.2697,64.03975,144.65477,156.53413,259.79822,506.8253,238.17746,65.032295,103.12271
198.57927,189.67828,127.818535,841.7592,196.2127,196.244,315.16147,206.43419,632.9723,392.21698,505.86743,453.4331,64.037605,144.56825,156.803,260.46252,512.33276,238.6156,65.13674,103.503395
199.14925,187.91344,127.72881,840.2057,195.22769,195.21881,319.12222,207.509,633.04517,393.52014,498.17645,452.12042,64.01472,144.27583,157.16096,260.19922,519.2969,239.18532,65.262726,104.115326
199.27542,185.85796,127.52497,838.34766,193.94579,193.88731,322.44812,207.95593,632.38776,394.48166,490.84476,450.38373,63.970352,143.8487,157.57437,258.82736,526.9721,239.61256,65.39214,104.73285
199.02554,183.73724,127.26207,836.5012,192.72919,192.60919,324.93948,207.96729,631.19244,395.29535,485.21368,448.51535,63.920128,143.4204,158.01,257.1562,534.4785,239.91362,65.49471,105.20718
198.53278,182.00528,126.99609,834.92487,191.74603,191.55841,326.43698,207.74358,629.73584,395.52472,481.60757,446.75644,63.86969,143.16089,158.36151,255.35774,541.1672,239.98764,65.57484,105.41009
197.74487,180.44972,126.66063,833.3147,190.59627,190.35641,326.62738,207.24974,628.0786,394.58514,478.09454,444.83875,63.804844,142.92488,158.65265,252.1834,546.898,239.43367,65.63231,105.42778
196.6934,179.00478,126.235664,831.31635,188.99289,188.70789,325.83298,206.63707,626.0471,392.6337,473.8534,442.48062,63.720417,142.6405,158.84637,247.85384,551.6297,238.29135,65.64438,105.44623
195.48701,177.87697,125.75376,828.9602,187.0027,186.67552,324.7053,206.41667,623.55554,390.8576,469.86945,439.89056,63.621075,142.35484,159.03546,242.88162,555.6943,236.99223,65.60582,105.52138
194.24663,177.15196,125.234535,826.34125,184.95322,184.58528,323.68924,206.41815,620.71564,389.83536,466.58856,437.30426,63.50934,142.06673,159.27783,238.40439,559.1363,235.85791,65.52376,105.59523
193.08415,176.69888,124.64722,823.5044,183.09744,182.69713,323.04395,206.9802,617.55237,389.9728,463.99994,434.7944,63.3716,141.68834,159.22522,234.47682,562.2689,235.0741,65.39764,105.73937
192.15662,176.76091,124.149765,820.8122,181.62253,181.20279,322.99545,207.64726,614.30365,392.1292,462.8031,432.3339,63.241795,141.37846,158.78848,231.63268,565.16644,234.76218,65.22228,105.97117
191.41536,177.07875,123.67788,818.35376,180.53233,180.10855,323.04535,207.71454,611.36615,395.48328,464.30215,429.94385,63.11449,141.10397,158.25705,229.2364,567.71405,234.87407,65.07098,106.18486
190.87009,176.49907,123.19096,816.2888,179.588,179.17567,322.8564,206.33252,608.69073,399.1121,467.41455,427.46674,62.985023,140.69695,157.96541,226.65666,570.349,235.31421,64.90711,106.33298
190.22333,174.5716,122.66779,814.267,178.33984,177.96747,322.13416,203.56548,606.0404,400.94064,470.4543,424.582,62.837074,139.94743,157.90059,223.43156,572.56,235.54256,64.69558,106.30821
189.34097,171.72519,122.13303,812.4903,176.7725,176.40921,321.11563,200.80887,603.5157,401.4592,473.9286,421.43744,62.68009,138.92181,158.00568,219.79387,574.1269,235.5081,64.457954,106.08815
188.31427,168.57225,121.53776,810.9097,175.0448,174.6638,319.4826,198.6407,601.0123,401.28595,477.31387,418.19977,62.50711,137.65733,158.29471,215.68304,574.9796,235.18094,64.183266,105.79478
187.33983,165.76476,120.97582,810.08673,173.48643,173.06882,317.6244,197.587,599.1451,401.2266,481.56366,415.16266,62.33806,136.40097,158.74908,211.73204,575.21173,234.7731,63.9291,105.60609
186.60301,163.64452,120.51076,810.427,172.31703,171.86377,315.83148,197.6399,598.4503,401.49976,486.91745,412.5863,62.18253,135.40259,159.28606,208.38345,574.7596,234.40799,63.734425,105.6114
186.20204,162.2457,120.165436,812.0317,171.49834,171.02934,314.15082,198.42683,598.8848,401.9271,492.6929,410.5874,62.056923,134.73834,159.67607,205.71193,573.9392,234.14163,63.64079,105.79946
186.22763,161.68066,120.00553,814.6827,171.07315,170.60626,312.85144,199.70811,600.3932,402.64014,498.99005,409.35764,61.98429,134.44525,159.87614,204.22441,573.2261,233.9931,63.61243,106.05783
186.64502,161.77641,120.03779,817.9871,170.78554,170.34514,312.25375,201.36353,602.8816,403.55383,505.18298,408.93958,61.96982,134.50702,159.97113,203.60675,572.957,233.98912,63.64805,106.36756
187.43004,162.76106,120.30278,821.8541,170.59372,170.18408,312.53116,203.19466,606.071,405.11465,511.38184,409.33932,62.016785,134.87906,159.97498,204.20227,573.1754,234.33186,63.93167,106.72684
188.50926,164.35199,120.75825,825.9105,170.55098,170.17133,313.61264,205.15729,609.57806,407.05484,516.63837,410.32236,62.11735,135.47397,159.91246,205.93074,573.7361,235.00397,64.44676,107.077095
189.75417,166.27132,121.35789,829.90125,170.82567,170.47563,315.27646,207.13718,613.10876,408.87076,520.75574,411.73648,62.268047,136.20055,159.83287,208.74712,574.5275,235.85231,65.10465,107.39815
191.05438,168.26668,122.026535,833.7029,171.41032,171.09196,317.41623,208.79356,616.64496,410.48746,523.58795,413.4817,62.447582,137.01472,159.84343,212.18277,575.48846,236.80652,65.8349,107.48816
192.30762,170.19511,122.70594,837.2965,172.13397,171.85161,319.91898,210.00734,620.101,411.72705,525.7733,415.3848,62.641235,137.88448,159.94815,215.8764,576.4566,237.77342,66.581314,107.29503
193.39044,171.6667,123.32878,840.5485,172.76845,172.52809,322.30707,210.99461,623.39105,412.6285,527.33093,417.06735,62.826553,138.66577,160.11914,218.87381,577.3571,238.66072,67.291756,106.92062
194.30988,172.66574,123.897736,843.415,173.3305,173.12361,324.78546,211.94263,626.425,413.06042,528.1147,418.40723,63.004726,139.3481,160.28123,221.3163,578.3125,239.39296,67.92372,106.53781
195.07753,173.16129,124.35699,846.11255,173.84213,173.6576,327.20752,212.88156,629.1308,413.27518,527.84045,419.29492,63.167095,139.91087,160.4512,222.92511,579.4021,239.97676,68.462875,106.34436
195.72289,173.1084,124.71167,848.9745,174.22234,174.05417,329.37335,213.81549,631.5019,413.83395,526.6131,419.75653,63.313614,140.3377,160.57925,223.527,580.6003,240.51862,68.90258,106.31791
196.2184,172.5084,124.94826,851.6563,174.36649,174.21161,331.14352,214.75241,633.508,414.4476,524.6502,419.78488,63.438686,140.61636,160.64386,223.0942,581.8723,240.97154,69.24027,106.35645
196.64926,171.63377,125.069275,853.9646,174.23729,174.0915,332.32092,215.67877,635.1069,415.62643,522.4112,419.52435,63.525665,140.82738,160.68991,221.89249,583.2355,241.52538,69.49696,106.48255
197.02551,171.08594,125.13925,855.93134,173.9807,173.83047,332.9813,216.75502,636.4379,417.34625,520.40906,419.19897,63.577713,141.0731,160.79762,220.61105,584.5957,242.26231,69.717476,106.66683
197.1865,170.83482,125.110374,857.3385,173.36176,173.22188,333.06558,217.37169,637.54926,419.1658,518.26715,418.7175,63.57667,141.2957,161.09715,219.3987,586.1153,243.2123,69.90814,106.759964
197.05176,170.62378,124.9967,858.3667,172.3823,172.25919,332.67828,217.40993,638.4155,420.86307,516.1106,418.07486,63.520657,141.52339,161.62827,218.76228,587.92834,244.35925,70.07053,106.66257
196.68843,170.66292,124.808044,859.05786,171.21556,171.10666,331.85336,216.8746,638.85187,421.8625,514.34546,417.30405,63.42126,141.82271,162.30338,219.28108,589.7241,245.51569,70.191734,106.35085
196.13814,170.53319,124.43384,859.30927,169.69136,169.60161,330.6615,215.49654,638.7927,422.10736,512.0865,416.2881,63.28066,142.1512,163.02805,219.9466,591.37354,246.5919,70.25937,105.860825
195.47383,170.42287,123.90381,859.5014,167.79195,167.73886,329.51395,214.12776,638.33215,422.60822,509.64334,415.16333,63.118057,142.40277,163.74097,220.60236,592.7268,247.7646,70.30811,105.38669
194.74734,170.64053,123.32693,859.74896,165.71591,165.6842,328.83185,211.90282,637.5416,423.50015,507.28946,414.26096,62.9517,143.15611,164.45888,221.62689,593.8833,248.98665,70.40723,104.81861
194.08293,171.47319,122.85376,860.1886,163.77882,163.76347,328.66086,209.3776,636.64764,424.60318,505.64532,413.92975,62.814754,144.45535,164.99467,223.10939,594.6239,250.11778,70.55655,104.120346
193.54414,172.9253,122.58781,861.07983,162.3158,162.3283,329.0785,206.97365,635.86304,425.97723,505.61133,414.31232,62.722572,146.26865,165.28246,224.98395,594.8905,251.13327,70.76598,103.42152
193.1434,174.69568,122.5627,862.4328,161.53479,161.59431,330.196,204.75073,635.1987,427.4975,506.92685,415.41043,62.674625,148.39114,165.36995,227.06836,594.9131,252.0739,71.044785,102.80213
192.70923,176.39624,122.716736,863.9905,161.4052,161.53514,331.9155,203.27286,634.6536,429.25452,509.61905,417.07205,62.6584,150.87465,165.44516,228.98332,594.73956,253.03995,71.35727,102.380264
192.2055,177.95038,122.97845,865.3933,161.83028,162.04942,334.02808,202.68813,634.10815,431.25018,513.3208,419.1767,62.6613,153.42203,165.51665,230.59229,594.11835,254.04507,71.59107,102.24341
191.75227,179.24846,123.28778,866.4104,162.6502,162.96819,336.2963,202.58473,633.52094,432.77725,517.5221,421.41428,62.66986,155.7236,165.50348,231.80486,593.1396,254.91331,71.74085,102.38036
191.62209,180.45943,123.65509,867.13544,163.80238,164.21355,338.7689,203.03586,632.958,433.59055,522.9339,423.7735,62.6886,157.7556,165.30069,233.40257,591.8368,255.45723,71.7797,102.78249
191.84937,181.68008,124.09016,867.7457,165.20195,165.69664,341.26443,203.87367,632.4932,433.7904,529.1927,426.0655,62.71209,159.50159,165.03522,235.21991,590.2687,255.65082,71.767746,103.3272
192.32487,182.99312,124.58655,868.4884,166.61635,167.17549,343.68256,204.8772,632.13,433.89975,535.76483,428.11752,62.737553,160.88852,164.76085,237.60805,588.514,255.70515,71.78377,104.00906
192.96313,184.31195,125.13169,869.1524,167.93056,168.52292,346.26556,205.85626,631.8978,433.3577,541.9552,429.73645,62.77384,161.92447,164.48912,240.63257,586.7446,255.10197,71.85391,104.74203
193.6502,185.43602,125.702614,869.7708,169.03831,169.62491,348.7551,206.53575,631.79004,432.46725,547.59503,430.95612,62.82697,162.67195,164.19589,244.14453,585.1156,253.76193,71.99466,105.338135
194.33769,186.20633,126.28989,870.22845,169.94643,170.51135,350.94916,206.86047,631.688,431.61438,552.4199,431.8082,62.895683,163.24902,163.93059,247.6721,583.66547,251.97232,72.12637,105.642624
194.98997,186.43262,126.83486,870.22833,170.73607,171.26207,352.85806,206.99289,631.3451,431.1077,556.2699,432.26624,62.969444,163.72847,163.73048,251.15916,582.6196,250.14935,72.21777,105.799774
195.7127,186.09967,127.312035,869.75085,171.519,171.99422,354.69818,207.0591,630.7681,430.94516,559.42834,432.43918,63.042206,164.18973,163.5882,254.47076,582.09485,248.51578,72.30153,105.951035
196.33409,185.30695,127.678215,868.72705,172.3554,172.77225,356.62582,206.69875,629.9994,431.20157,562.19507,432.1735,63.100765,164.53664,163.48753,257.26474,582.00684,247.28864,72.40242,106.263214
196.79811,184.23795,127.9528,867.27313,173.15459,173.51315,358.66446,206.06215,629.1503,431.66354,564.3828,431.4088,63.14585,164.77608,163.37218,258.9827,582.49603,246.47798,72.48523,106.80809
197.06763,182.91745,128.16013,865.4979,173.85237,174.161,360.69925,205.12924,628.2607,432.1313,566.5323,430.22064,63.187748,164.89798,163.15828,259.19983,583.4932,246.02586,72.54132,107.569374
197.18503,181.78528,128.34944,863.6785,174.48517,174.74564,362.44427,204.87294,627.3847,432.71152,569.3951,428.73932,63.233852,165.05238,162.80019,258.52786,584.7945,245.89326,72.59088,108.5477
197.06004,180.6315,128.5266,861.8109,174.84158,175.06252,363.76608,205.22661,626.6356,432.88324,572.1676,426.94583,63.29072,165.23686,162.26208,256.97403,586.0046,245.83366,72.56893,109.65787
196.81201,179.59705,128.73087,860.24774,174.96877,175.15799,364.91202,205.89357,626.1533,433.07477,574.9552,425.0782,63.367645,165.57738,161.64413,254.98132,586.8991,245.80574,72.50232,110.62326
196.61882,178.90233,128.99818,859.4412,174.79845,174.9696,366.02237,206.90761,625.9947,433.59818,577.4649,423.37018,63.461433,166.17577,161.07732,252.72987,587.7028,245.86473,72.43912,111.333885
196.53467,178.64883,129.32094,859.18,174.3943,174.5612,366.82755,207.9747,626.0691,434.21918,579.1749,421.89328,63.56965,166.89125,160.60965,250.33824,588.6758,246.02463,72.36538,111.82168
196.52365,178.89066,129.65298,859.2096,173.91827,174.08124,367.34866,209.89377,626.4373,435.0984,580.40393,420.68967,63.686085,167.63776,160.34573,247.0119,589.86145,246.27399,72.30394,112.14375
196.65352,179.40892,129.97427,859.387,173.5526,173.70341,367.77856,212.20439,627.0416,436.40512,581.31146,419.8339,63.810017,168.36044,160.34497,242.9085,591.40375,246.68768,72.267975,112.360115
196.98468,180.04176,130.2319,859.7089,173.37225,173.504,368.1827,214.51547,627.701,437.94406,581.7454,419.30432,63.925312,168.9561,160.60822,238.47153,591.85266,247.17186,72.30777,112.33164
197.4369,180.62247,130.41945,860.0125,173.35535,173.4603,368.6947,216.62628,628.34125,439.93228,581.24274,418.97815,64.033,169.42451,161.00995,234.22981,591.2949,247.9808,72.39707,112.08235
197.94788,181.12268,130.57062,860.1933,173.34335,173.41888,369.1731,218.4208,628.92505,442.04965,579.97296,418.79446,64.13432,169.80463,161.44984,230.51198,589.82477,249.17615,72.49838,111.669525
198.53586,181.6152,130.68999,860.30206,173.31151,173.35283,369.52563,219.89343,629.4407,444.1716,578.2321,418.74493,64.230095,170.08344,161.86386,227.49088,587.8082,250.63133,72.60779,111.15581
199.21051,182.0963,130.7846,860.32074,173.29517,173.29384,369.3592,220.75438,629.80817,445.9812,576.2563,418.81866,64.32874,170.24406,162.14511,225.135,585.60956,252.0235,72.6963,110.61525
199.9194,182.57639,130.85542,860.3758,173.35358,173.30693,368.4752,221.18938,630.03564,447.2174,574.67456,419.2137,64.429665,170.35251,162.28223,223.36371,583.42633,253.11967,72.80202,110.135315
200.4808,182.72266,130.86977,860.6082,173.3679,173.27997,366.9213,221.26324,630.10657,447.9613,572.6053,419.85822,64.52361,170.36743,162.29515,221.90787,581.24915,253.82169,72.96961,109.735916
200.82596,182.63087,130.81311,860.9349,173.3131,173.18292,365.0783,221.26735,629.9645,448.11258,570.3087,420.66208,64.60846,170.34131,162.22192,222.89227,579.02985,254.13599,73.17551,109.393906
200.97812,182.48737,130.7036,861.26,173.32333,173.15282,363.0682,221.0007,629.63727,447.61374,568.3483,421.62378,64.68503,170.27267,162.04192,226.8621,576.9356,254.08357,73.37211,109.10139
201.02924,182.40181,130.55267,861.53314,173.49242,173.29356,361.24548,220.87428,629.1935,446.77914,567.17706,422.64282,64.75174,170.14182,161.82661,232.82237,575.08844,253.85765,73.54643,108.83287
201.04054,182.54283,130.42235,861.6672,173.94261,173.73926,359.43344,220.65504,628.7431,445.72604,567.6241,423.77682,64.80959,169.99574,161.53127,239.54477,573.45294,253.47902,73.65208,108.51435
200.95264,182.99866,130.31622,861.5119,174.86957,174.67586,357.5517,220.50774,627.9615,445.1648,569.3451,425.0061,64.85646,169.89159,161.13094,246.01218,572.04865,253.33401,73.67837,108.12394
200.65558,183.28754,130.19176,860.97845,176.0021,175.84071,355.73828,220.19313,626.6795,444.12915,570.4402,425.59644,64.88265,169.63145,160.6205,251.26291,570.92474,253.47261,73.66232,107.698494
200.0771,184.0096,130.03456,860.188,177.14766,177.04482,354.06485,219.8644,624.858,443.2762,570.49567,425.469,64.892586,169.2801,160.04587,254.95131,570.16797,253.87411,73.63475,107.1984
199.2368,185.02412,129.8445,859.4098,178.08966,178.05856,352.74133,219.26431,622.51385,442.5722,569.3015,424.67706,64.89144,168.87561,159.46562,256.85077,569.476,254.48888,73.6187,106.8285
198.25789,186.37257,129.667,858.8403,178.80046,178.82632,352.02338,218.68481,619.78687,442.02377,567.8839,423.46692,64.88895,168.52853,158.95857,257.5937,569.014,255.27092,73.663185,106.665375
197.23106,188.34177,129.55643,858.694,179.63348,179.67946,351.37863,220.86552,616.6236,442.7178,566.6387,422.2776,64.89726,168.56406,158.36064,259.33118,569.67175,256.66174,73.753105,106.79054
196.36162,190.88007,129.55019,859.2374,180.8229,180.87276,351.1373,223.9621,613.3046,444.14804,566.8217,421.45108,64.922745,169.12701,157.76514,262.85907,571.783,258.49768,73.882034,107.162766
195.7252,193.52974,129.64128,860.94727,182.17947,182.2385,351.6102,227.01369,610.30457,446.3071,568.21936,421.00427,64.961624,170.18327,157.41672,268.96063,575.4026,260.60938,74.06453,107.68682
195.25812,195.87936,129.77779,863.55316,183.63852,183.70926,352.81665,229.75145,607.8326,449.10895,570.018,420.76846,65.00608,171.54454,157.28778,278.27576,580.38574,262.87552,74.2561,108.23657
194.91779,197.87135,129.9133,866.7058,185.14792,185.22685,354.30414,231.97389,605.8326,451.98798,571.87415,420.7744,65.05594,173.03291,157.31384,288.80643,585.9373,265.07907,74.45948,108.729034
194.69789,199.77031,130.01064,870.10504,186.46935,186.55858,356.0941,233.75543,604.1901,454.03705,573.29236,421.04254,65.10587,174.50134,157.4658,299.13348,591.2228,267.04105,74.67708,109.17609
194.66237,201.39072,130.04005,873.33466,187.35896,187.45062,357.83713,235.15031,602.6272,455.0748,574.02094,421.56644,65.15367,175.77731,157.71793,307.44794,595.4666,268.61768,74.85681,109.572685
194.71925,202.12646,129.96568,875.9024,187.63461,187.73119,359.45093,236.49834,600.731,455.42435,572.84216,421.9709,65.19124,176.71594,158.129,313.60892,598.4328,269.82913,74.97787,109.84964
194.89156,201.96042,129.79971,877.8789,187.51384,187.60426,360.9557,237.7014,598.26306,455.34024,570.0458,422.1407,65.21456,177.3803,158.71219,318.53888,600.1272,270.79712,75.037186,110.04339
195.16772,201.32173,129.56248,879.5239,187.30092,187.37312,362.151,238.46667,595.2869,454.88113,566.6831,422.12064,65.23431,177.91643,159.4021,322.8896,600.40314,271.5534,75.135185,110.096985
195.5331,200.39531,129.26494,880.9234,187.01523,187.07234,362.6888,238.58127,592.1826,453.74792,563.64453,421.90488,65.252106,178.42633,160.1218,326.6075,600.1397,271.95868,75.30096,110.09945
195.94002,199.102,128.93341,882.5735,186.29988,186.34259,363.03452,238.61687,589.1615,452.39087,561.12897,421.48853,65.269615,178.97176,160.87946,329.51337,599.699,272.13058,75.556076,110.1664
196.38277,197.52878,128.59244,884.7096,185.04543,185.05373,363.7797,239.07414,586.34674,451.49704,558.97546,421.0281,65.28062,179.53452,161.77698,332.13174,599.08453,272.14603,75.93442,110.309525
196.91475,196.137,128.26477,887.22595,183.54333,183.48781,365.35965,240.0086,583.8795,451.52182,557.5102,420.65378,65.27577,179.96475,162.81583,333.94083,598.77075,272.1856,76.3549,110.42064
197.57799,195.47609,127.96332,890.1132,182.07524,181.94861,367.67194,241.11688,582.1249,452.36224,557.194,420.65204,65.25654,180.3045,163.98738,334.8315,598.90906,272.24176,76.8198,110.37081
198.33725,195.40405,127.65804,893.06354,180.80214,180.61005,370.38364,242.13579,581.134,453.90265,557.60175,420.93378,65.223885,180.35867,165.19904,334.68,599.50464,272.41367,77.30537,110.1426
199.19426,195.85004,127.3637,896.0322,179.77176,179.53261,373.23074,242.92883,580.88245,455.76892,558.69336,421.41525,65.18554,180.20622,166.34427,334.2115,600.4974,272.70303,77.79047,109.79872
200.15744,196.7856,127.12134,898.9672,179.11162,178.84958,375.85266,243.12743,581.2736,457.49152,561.24646,422.20547,65.14648,179.82574,167.36305,334.2686,601.7049,273.12418,78.24525,109.40138
201.25241,198.16533,126.95409,901.8881,178.80507,178.53818,378.15073,242.71677,582.2627,458.51212,566.066,423.26773,65.1118,179.3277,168.0438,334.7496,602.8857,273.49216,78.67073,108.997246
202.43347,200.04259,126.878685,904.8623,178.92665,178.66565,379.9885,241.81816,583.8403,458.52386,572.43353,424.6643,65.090515,178.94121,168.34813,335.77377,604.0706,273.6356,79.078384,108.46656
203.6243,202.30826,126.88528,907.6965,179.3021,179.06189,381.27567,240.93156,585.8218,458.06616,579.07904,426.4442,65.08321,178.66194,168.37479,337.69247,604.3511,273.51935,79.477394,107.85103
204.74564,205.05835,127.01921,910.4261,179.90419,179.68881,382.2499,240.42523,588.0249,457.71478,586.0024,428.52216,65.08389,178.63113,168.1331,341.15936,602.7378,273.2697,79.86108,107.16204
205.83632,207.93983,127.2627,912.94086,180.68042,180.49234,382.91577,239.93178,590.0962,457.18375,592.1404,430.80646,65.0839,178.788,167.57724,345.86768,599.64374,272.86795,80.156136,106.427704
206.90402,210.56995,127.53578,915.2575,181.99504,181.84665,383.02954,239.33359,591.8417,456.95383,597.39435,433.08417,65.075,178.7072,166.85114,351.6595,595.7389,272.5199,80.37371,105.698685
