,CRC.BK,GULF.BK,OR.BK,SCB.BK
2,,,,
3,,,,
4,,,,
5,,,,
6,,,,
7,,,,
8,,,,
9,,,,
10,,,,
11,,,,
12,,,,
13,,,,
14,,,,
15,,,,
16,,,,
17,,,,
18,,,,
19,,,,
20,,,,
21,,,,
22,,,,
23,,,,
24,,,,
25,,,,
26,,,,
27,,,,
28,,,,
29,,,,
30,,,,
31,,,,
32,,,,
33,,,,
34,,,,
35,,,,
36,,,,
37,,,,
38,,,,
39,,,,
40,,,,
41,,,,
42,,,,
43,,,,
44,,,,
45,,,,
46,,,,
47,,,,
48,,,,
49,,,,
50,,,,
51,,,,
52,,,,
53,,,,
54,,,,
55,,,,
56,,,,
57,,,,
58,,,,
59,,,,
60,,,,
61,,,,
62,,,,
63,,,,
64,,,,
65,,,,
66,,,,
67,,,,
68,,,,
69,,,,
70,,,,
71,,,,
72,,,,
73,,,,
74,,,,
75,,,,
76,,,,
77,,,,
78,,,,
79,,,,
80,,,,
81,,,,
82,,,,
83,,,,
84,,,,
85,,,,
86,,,,
87,,,,
88,,,,
89,,,,
90,,,,
91,,,,
92,,,,
93,,,,
94,,,,
95,,,,
96,,,,
97,,,,
98,,,,
99,,,,
100,,,,
101,,,,
102,,,,
103,,,,
104,,,,
105,,,,
106,,,,
107,,,,
108,,,,
109,,,,
110,,,,
111,,,,
112,,,,
113,,,,
114,,,,
115,,,,
116,,,,
117,,,,
118,,,,
119,,,,
120,,,,
121,,,,
122,,,,
123,,,,
124,,,,
125,,,,
126,,,,
127,,,,
128,,,,
129,,,,
130,,,,
131,,,,
132,,,,
133,,,,
134,,,,
135,,,,
136,,,,
137,,,,
138,,,,
139,,,,
140,,,,
141,,,,
142,,,,
143,,,,
144,,,,
145,,,,
146,,,,
147,,,,
148,,,,
149,,,,
150,,,,
151,,,,
152,,,,
153,,,,
154,,,,
155,,,,
156,,,,
157,,,,
158,,,,
159,,,,
160,,,,
161,,,,
162,,,,
163,,,,
164,,,,
165,,,,
166,,,,
167,,,,
168,,,,
169,,,,
170,,,,
171,,,,
172,,,,
173,,,,
174,,,,
175,,,,
176,,,,
177,,,,
178,,,,
179,,,,
180,,,,
181,,,,
182,,,,
183,,,,
184,,,,
185,,,,
186,,,,
187,,,,
188,,,,
189,,,,
190,,,,
191,,,,
192,,,,
193,,,,
194,,,,
195,,,,
196,,,,
197,,,,
198,,,,
199,,,,
200,,,,
201,,,,
202,,,,
203,,,,
204,,,,
205,,,,
206,,,,
207,,,,
208,,,,
209,,,,
210,,,,
211,,,,
212,,,,
213,,,,
214,,,,
215,,,,
216,,,,
217,,,,
218,,,,
219,,,,
220,,,,
221,,,,
222,,,,
223,,,,
224,,,,
225,,,,
226,,,,
227,,,,
228,,,,
229,,,,
230,,,,
231,,,,
232,,,,
233,,,,
234,,,,
235,,,,
236,,,,
237,,,,
238,,,,
239,,,,
240,,,,
241,,,,
242,,,,
243,,,,
244,,,,
245,,,,
246,,,,
247,,,,
248,,,,
249,,,,
250,,,,
251,,,,
252,,,,
253,,,,
254,,,,
255,,,,
256,,,,
257,,,,
258,,,,
259,,,,
260,,,,
261,,,,
262,,,,
263,,,,
264,,,,
265,,,,
266,,,,
267,,,,
268,,,,
269,,,,
270,,,,
271,,,,
272,,,,
273,,,,
274,,,,
275,,,,
276,,,,
277,,,,
278,,,,
279,,,,
280,,,,
281,,,,
282,,,,
283,,,,
284,,,,
285,,,,
286,,,,
287,,,,
288,,,,
289,,,,
290,,,,
291,,,,
292,,,,
293,,,,
294,,,,
295,,,,
296,,,,
297,,,,
298,,,,
299,,,,
300,,,,
301,,,,
302,,,,
303,,,,
304,,,,
305,,,,
306,,,,
307,,,,
308,,,,
309,,,,
310,,,,
311,,,,
312,,,,
313,,,,
314,,,,
315,,,,
316,,,,
317,,,,
318,,,,
319,,,,
320,,,,
321,,,,
322,,,,
323,,,,
324,,,,
325,,,,
326,,,,
327,,,,
328,,,,
329,,,,
330,,,,
331,,,,
332,,,,
333,,,,
334,,,,
335,,,,
336,,,,
337,,,,
338,,,,
339,,,,
340,,,,
341,,,,
342,,,,
343,,,,
344,,,,
345,,,,
346,,,,
347,,,,
348,,,,
349,,,,
350,,,,
351,,,,
352,,,,
353,,,,
354,,,,
355,,,,
356,,,,
357,,,,
358,,,,
359,,,,
360,,,,
361,,,,
362,,,,
363,,,,
364,,,,
365,,,,
366,,,,
367,,,,
368,,,,
369,,,,
370,,,,
371,,,,
372,,,,
373,,,,
374,,,,
375,,,,
376,,,,
377,,,,
378,,,,
379,,,,
380,,,,
381,,,,
382,,,,
383,,,,
384,,,,
385,,,,
386,,,,
387,,,,
388,,,,
389,,,,
390,,,,
391,,,,
392,,,,
393,,,,
394,,,,
395,,,,
396,,,,
397,,,,
398,,,,
399,,,,
400,,,,
401,,,,
402,,,,
403,,,,
404,,,,
405,,,,
406,,,,
407,,,,
408,,,,
409,,,,
410,,,,
411,,,,
412,,,,
413,,,,
414,,,,
415,,,,
416,,,,
417,,,,
418,,,,
419,,,,
420,,,,
421,,,,
422,,,,
423,,,,
424,,,,
425,,,,
426,,,,
427,,,,
428,,,,
429,,,,
430,,,,
431,,,,
432,,,,
433,,,,
434,,,,
435,,,,
436,,,,
437,,,,
438,,,,
439,,,,
440,,,,
441,,,,
442,,,,
443,,,,
444,,,,
445,,,,
446,,,,
447,,,,
448,,,,
449,,,,
450,,,,
451,,,,
452,,,,
453,,,,
454,,,,
455,,,,
456,,,,
457,,,,
458,,,,
459,,,,
460,,,,
461,,,,
462,,,,
463,,,,
464,,,,
465,,,,
466,,,,
467,,,,
468,,,,
469,,,,
470,,,,
471,,,,
472,,,,
473,,,,
474,,,,
475,,,,
476,,,,
477,,,,
478,,,,
479,,,,
480,,,,
481,,,,
482,,,,
483,,,,
484,,,,
485,,,,
486,,,,
487,,,,
488,,,,
489,,,,
490,,,,
491,,,,
492,,,,
493,,,,
494,,,,
495,,,,
496,,,,
497,,,,
498,,,,
499,,,,
500,,,,
501,,,,
502,,,,
503,,,,
504,,,,
505,,,,
506,,,,
507,,,,
508,,,,
509,,,,
510,,,,
511,,,,
512,,,,
513,,,,
514,,,,
515,,,,
516,,,,
517,,,,
518,,,,
519,,,,
520,,,,
521,,,,
522,,,,
523,,,,
524,,,,
525,,,,
526,,,,
527,,,,
528,,,,
529,,,,
530,,,,
531,,,,
532,,,,
533,,,,
534,,,,
535,,,,
536,,,,
537,,,,
538,,,,
539,,,,
540,,,,
541,,,,
542,,,,
543,,,,
544,,,,
545,,,,
546,,,,
547,,,,
548,,,,
549,,,,
550,,,,
551,,,,
552,,,,
553,,,,
554,,,,
555,,,,
556,,,,
557,,,,
558,,,,
559,,,,
560,,,,
561,,,,
562,,,,
563,,,,
564,,,,
565,,,,
566,,,,
567,,,,
568,,,,
569,,,,
570,,,,
571,,,,
572,,,,
573,,,,
574,,,,
575,,,,
576,,,,
577,,,,
578,,,,
579,,,,
580,,,,
581,,,,
582,,,,
583,,,,
584,,,,
585,,,,
586,,,,
587,,,,
588,,,,
589,,,,
590,,,,
591,,,,
592,,,,
593,,,,
594,,,,
595,,,,
596,,,,
597,,,,
598,,,,
599,,,,
600,,,,
601,,,,
602,,,,
603,,,,
604,,,,
605,,,,
606,,,,
607,,,,
608,,,,
609,,,,
610,,,,
611,,,,
612,,,,
613,,,,
614,,,,
615,,,,
616,,,,
617,,,,
618,,,,
619,,,,
620,,,,
621,,,,
622,,,,
623,,,,
624,,,,
625,,,,
626,,,,
627,,,,
628,,,,
629,,,,
630,,,,
631,,,,
632,,,,
633,,,,
634,,,,
635,,,,
636,,,,
637,,,,
638,,,,
639,,,,
640,,,,
641,,,,
642,,,,
643,,,,
644,,,,
645,,,,
646,,,,
647,,,,
648,,,,
649,,,,
650,,,,
651,,,,
652,,,,
653,,,,
654,,,,
655,,,,
656,,,,
657,,,,
658,,,,
659,,,,
660,,,,
661,,,,
662,,,,
663,,,,
664,,,,
665,,,,
666,,,,
667,,,,
668,,,,
669,,,,
670,,,,
671,,,,
672,,,,
673,,,,
674,,,,
675,,,,
676,,,,
677,,,,
678,,,,
679,,,,
680,,,,
681,,,,
682,,,,
683,,,,
684,,,,
685,,,,
686,,,,
687,,,,
688,,,,
689,,,,
690,,,,
691,,,,
692,,,,
693,,,,
694,,,,
695,,,,
696,,,,
697,,,,
698,,,,
699,,,,
700,,,,
701,,,,
702,,,,
703,,,,
704,,,,
705,,,,
706,,,,
707,,,,
708,,,,
709,,,,
710,,,,
711,,,,
712,,,,
713,,,,
714,,,,
715,,,,
716,,,,
717,,,,
718,,,,
719,,,,
720,,,,
721,,,,
722,,,,
723,,,,
724,,,,
725,,,,
726,,,,
727,,,,
728,,,,
729,,,,
730,,,,
731,,,,
732,,,,
733,,,,
734,,,,
735,,,,
736,,,,
737,,,,
738,,,,
739,,,,
740,,,,
741,,,,
742,,,,
743,,,,
744,,,,
745,,,,
746,,,,
747,,,,
748,,,,
749,,,,
750,,,,
751,,,,
752,,,,
753,,,,
754,,,,
755,,,,
756,,,,
757,,,,
758,,,,
759,,,,
760,,,,
761,,,,
762,,,,
763,,,,
764,,,,
765,,,,
766,,,,
767,,,,
768,,,,
769,,,,
770,,,,
771,,,,
772,,,,
773,,,,
774,,,,
775,,,,
776,,,,
777,,,,
778,,,,
779,,,,
780,,,,
781,,,,
782,,,,
783,,,,
784,,,,
785,,,,
786,,,,
787,,,,
788,,,,
789,,,,
790,,,,
791,,,,
792,,,,
793,,,,
794,,,,
795,,,,
796,,,,
797,,,,
798,,,,
799,,,,
800,,,,
801,,,,
802,,,,
803,,,,
804,,,,
805,,,,
806,,,,
807,,,,
808,,,,
809,,,,
810,,,,
811,,,,
812,,,,
813,,,,
814,,,,
815,,,,
816,,,,
817,,,,
818,,,,
819,,,,
820,,,,
821,,,,
822,,,,
823,,,,
824,,,,
825,,,,
826,,,,
827,,,,
828,,,,
829,,,,
830,,,,
831,,,,
832,,,,
833,,,,
834,,,,
835,,,,
836,,,,
837,,,,
838,,,,
839,,,,
840,,,,
841,,,,
842,,,,
843,,,,
844,,,,
845,,,,
846,,,,
847,,,,
848,,,,
849,,,,
850,,,,
851,,,,
852,,,,
853,,,,
854,,,,
855,,,,
856,,,,
857,,,,
858,,,,
859,,,,
860,,,,
861,,,,
862,,,,
863,,,,
864,,,,
865,,,,
866,,,,
867,,,,
868,,,,
869,,,,
870,,,,
871,,,,
872,,,,
873,,,,
874,,,,
875,,,,
876,,,,
877,,,,
878,,,,
879,,,,
880,,,,
881,,,,
882,,,,
883,,,,
884,,,,
885,,,,
886,,,,
887,,,,
888,,,,
889,,,,
890,,,,
891,,,,
892,,,,
893,,,,
894,,,,
895,,,,
896,,,,
897,,,,
898,,,,
899,,,,
900,,,,
901,,,,
902,,,,
903,,,,
904,,,,
905,,,,
906,,,,
907,,,,
908,,,,
909,,,,
910,,,,
911,,,,
912,,,,
913,,,,
914,,,,
915,,,,
916,,,,
917,,,,
918,,,,
919,,,,
920,,,,
921,,,,
922,,,,
923,,,,
924,,,,
925,,,,
926,,,,
927,,,,
928,,,,
929,,,,
930,,,,
931,,,,
932,,,,
933,,,,
934,,,,
935,,,,
936,,,,
937,,,,
938,,,,
939,,,,
940,,,,
941,,,,
942,,,,
943,,,,
944,,,,
945,,,,
946,,,,
947,,,,
948,,,,
949,,,,
950,,,,
951,,,,
952,,,,
953,,,,
954,,,,
955,,,,
956,,,,
957,,,,
958,,,,
959,,,,
960,,9.847196578979492,,
961,,9.343385696411133,,
962,,10.03039836883545,,
963,,9.663991928100586,,
964,,9.892995834350586,,
965,,9.755595207214355,,
966,,9.892995834350586,,
967,,10.122001647949219,,
968,,10.122001647949219,,
969,,10.07619857788086,,
970,,10.167802810668945,,
971,,10.213603019714355,,
972,,10.717412948608398,,
973,,10.900616645812988,,
974,,11.4960298538208,,
975,,11.404426574707031,,
976,,11.908235549926758,,
977,,12.595250129699707,,
978,,12.686850547790527,,
979,,12.595250129699707,,
980,,12.503647804260254,,
981,,12.457847595214844,,
982,,12.77845287322998,,
983,,12.824254989624023,,
984,,14.015077590942383,,
985,,14.015077590942383,,
986,,13.557069778442383,,
987,,14.015077590942383,,
988,,13.740273475646973,,
989,,13.923476219177246,,
990,,14.198283195495605,,
991,,14.198283195495605,,
992,,14.198283195495605,,
993,,13.46546745300293,,
994,,13.46546745300293,,
995,,13.46546745300293,,
996,,13.236461639404297,,
997,,13.46546745300293,,
998,,13.511269569396973,,
999,,13.236461639404297,,
1000,,13.190662384033203,,
1001,,13.144861221313477,,
1002,,13.09906005859375,,
1003,,13.32806396484375,,
1004,,13.373865127563477,,
1005,,13.923476219177246,,
1006,,13.87767505645752,,
1007,,13.64867115020752,,
1008,,13.740273475646973,,
1009,,14.060879707336426,,
1010,,13.923476219177246,,
1011,,13.7860746383667,,
1012,,13.41966724395752,,
1013,,13.09906005859375,,
1014,,13.28226375579834,,
1015,,13.602869987487793,,
1016,,13.557069778442383,,
1017,,13.41966724395752,,
1018,,13.236461639404297,,
1019,,13.46546745300293,,
1020,,13.46546745300293,,
1021,,13.46546745300293,,
1022,,13.190662384033203,,
1023,,12.366246223449707,,
1024,,13.05325984954834,,
1025,,13.373865127563477,,
1026,,13.190662384033203,,
1027,,13.05325984954834,,
1028,,12.870055198669434,,
1029,,12.54944896697998,,
1030,,12.595250129699707,,
1031,,12.686850547790527,,
1032,,12.824254989624023,,
1033,,13.007457733154297,,
1034,,13.09906005859375,,
1035,,13.09906005859375,,
1036,,12.824254989624023,,
1037,,12.732651710510254,,
1038,,12.412047386169434,,
1039,,12.412047386169434,,
1040,,12.09144115447998,,
1041,,11.7250337600708,,
1042,,11.541829109191895,,
1043,,11.633432388305664,,
1044,,12.274643898010254,,
1045,,12.183042526245117,,
1046,,12.366246223449707,,
1047,,11.954036712646484,,
1048,,11.954036712646484,,
1049,,12.274643898010254,,
1050,,12.274643898010254,,
1051,,12.183042526245117,,
1052,,11.954036712646484,,
1053,,11.908235549926758,,
1054,,12.366246223449707,,
1055,,12.320444107055664,,
1056,,12.366246223449707,,
1057,,12.670334815979004,,
1058,,13.177146911621094,,
1059,,13.361443519592285,,
1060,,13.31536865234375,,
1061,,13.038925170898438,,
1062,,13.038925170898438,,
1063,,12.854629516601562,,
1064,,13.269295692443848,,
1065,,13.453591346740723,,
1066,,12.900703430175781,,
1067,,12.900703430175781,,
1068,,13.038925170898438,,
1069,,12.992850303649902,,
1070,,13.31536865234375,,
1071,,13.131073951721191,,
1072,,13.038925170898438,,
1073,,12.94677734375,,
1074,,12.94677734375,,
1075,,13.084999084472656,,
1076,,12.900703430175781,,
1077,,12.532111167907715,,
1078,,12.393889427185059,,
1079,,12.532111167907715,,
1080,,12.900703430175781,,
1081,,12.854629516601562,,
1082,,12.854629516601562,,
1083,,12.854629516601562,,
1084,,12.762481689453125,,
1085,,12.854629516601562,,
1086,,12.762481689453125,,
1087,,12.854629516601562,,
1088,,12.670334815979004,,
1089,,12.486037254333496,,
1090,,12.2095947265625,,
1091,,12.439964294433594,,
1092,,12.163521766662598,,
1093,,11.887076377868652,,
1094,,11.472411155700684,,
1095,,11.564559936523438,,
1096,,11.748856544494629,,
1097,,11.656706809997559,,
1098,,11.426337242126465,,
1099,,11.748856544494629,,
1100,,12.071371078491211,,
1101,,11.887076377868652,,
1102,,11.61063289642334,,
1103,,11.702781677246094,,
1104,,11.748856544494629,,
1105,,11.979225158691406,,
1106,,11.887076377868652,,
1107,,11.933150291442871,,
1108,,11.933150291442871,,
1109,,11.656706809997559,,
1110,,11.472411155700684,,
1111,,11.426337242126465,,
1112,,11.748856544494629,,
1113,,12.071371078491211,,
1114,,11.979225158691406,,
1115,,11.794930458068848,,
1116,,11.518486022949219,,
1117,,11.702781677246094,,
1118,,11.656706809997559,,
1119,,11.933150291442871,,
1120,,11.841001510620117,,
1121,,11.841001510620117,,
1122,,12.2095947265625,,
1123,,12.347816467285156,,
1124,,12.624260902404785,,
1125,,12.439964294433594,,
1126,,12.347816467285156,,
1127,,12.163521766662598,,
1128,,11.979225158691406,,
1129,,12.163521766662598,,
1130,,12.532111167907715,,
1131,,12.808555603027344,,
1132,,12.670334815979004,,
1133,,12.716408729553223,,
1134,,12.670334815979004,,
1135,,12.808555603027344,,
1136,,12.762481689453125,,
1137,,12.670334815979004,,
1138,,12.670334815979004,,
1139,,12.670334815979004,,
1140,,12.57818603515625,,
1141,,12.532111167907715,,
1142,,12.57818603515625,,
1143,,12.347816467285156,,
1144,,12.57818603515625,,
1145,,12.486037254333496,,
1146,,12.762481689453125,,
1147,,12.57818603515625,,
1148,,12.57818603515625,,
1149,,12.808555603027344,,
1150,,12.992850303649902,,
1151,,13.223220825195312,,
1152,,13.453591346740723,,
1153,,13.730034828186035,,
1154,,13.637887954711914,,
1155,,13.637887954711914,,
1156,,13.453591346740723,,
1157,,13.269295692443848,,
1158,,13.776107788085938,,
1159,,13.868256568908691,,
1160,,14.052553176879883,,
1161,,14.006477355957031,,
1162,,14.282922744750977,,
1163,,14.006477355957031,,
1164,,13.822182655334473,,
1165,,13.54573917388916,,
1166,,13.084999084472656,,
1167,,13.637887954711914,,
1168,,13.868256568908691,,
1169,,13.637887954711914,,
1170,,13.730034828186035,,
1171,,13.868256568908691,,
1172,,13.91433048248291,,
1173,,13.822182655334473,,
1174,,13.960403442382812,,
1175,,13.868256568908691,,
1176,,13.776107788085938,,
1177,,14.006477355957031,,
1178,,13.91433048248291,,
1179,,14.006477355957031,,
1180,,14.190773963928223,,
1181,,14.375069618225098,,
1182,,14.328995704650879,,
1183,,14.282922744750977,,
1184,,14.190773963928223,,
1185,,14.098626136779785,,
1186,,14.421143531799316,,
1187,,14.467217445373535,,
1188,,14.467217445373535,,
1189,,14.467217445373535,,
1190,,14.467217445373535,,
1191,,14.282922744750977,,
1192,,14.144700050354004,,
1193,,13.91433048248291,,
1194,,13.91433048248291,,
1195,,13.683960914611816,,
1196,,13.776107788085938,,
1197,,13.223220825195312,,
1198,,13.960403442382812,,
1199,,14.098626136779785,,
1200,,13.960403442382812,,
1201,,14.052553176879883,,
1202,,14.006477355957031,,
1203,,13.960403442382812,,
1204,,14.052553176879883,,
1205,,14.098626136779785,,
1206,,13.822182655334473,,
1207,,14.006477355957031,,
1208,,13.960403442382812,,
1209,,14.144700050354004,,
1210,,13.960403442382812,,
1211,,14.144700050354004,,
1212,,14.052553176879883,,
1213,,14.190773963928223,,
1214,,14.282922744750977,,
1215,,14.835809707641602,,
1216,,14.743660926818848,,
1217,,14.697587013244629,,
1218,,14.282922744750977,,
1219,,14.467217445373535,,
1220,,14.328995704650879,,
1221,,15.020106315612793,,
1222,,15.38869571685791,,
1223,,15.204401969909668,,
1224,,15.342621803283691,,
1225,,15.434770584106445,,
1226,,15.849434852600098,,
1227,,15.71121597290039,,
1228,,15.434770584106445,,
1229,,15.48084545135498,,
1230,,15.665139198303223,,
1231,,15.066181182861328,,
1232,,15.250473976135254,,
1233,,15.342621803283691,,
1234,,15.48084545135498,,
1235,,15.48084545135498,,
1236,,15.61906623840332,,
1237,,15.75728988647461,,
1238,,15.665139198303223,,
1239,,15.71121597290039,,
1240,,15.572991371154785,,
1241,,15.572991371154785,,
1242,,15.75728988647461,,
1243,,16.03373146057129,,
1244,,16.31017303466797,,
1245,,16.264102935791016,,
1246,,16.03373146057129,,
1247,,16.218027114868164,,
1248,,16.125879287719727,,
1249,,16.171955108642578,,
1250,,16.171955108642578,,
1251,,16.31017303466797,,
1252,,16.44839859008789,,
1253,,16.356250762939453,,
1254,,16.218027114868164,,
1255,,16.171955108642578,,
1256,,16.356250762939453,,
1257,,16.540546417236328,,
1258,,17.001283645629883,,
1259,,16.909137725830078,,
1260,,16.678768157958984,,
1261,,16.863065719604492,,
1262,,16.678768157958984,,
1263,,16.494470596313477,,
1264,,16.31017303466797,,
1265,,16.40232276916504,,
1266,,16.264102935791016,,
1267,,16.31017303466797,,
1268,,16.540546417236328,,
1269,,16.44839859008789,,
1270,,16.494470596313477,,
1271,,16.863065719604492,,
1272,,16.770915985107422,,
1273,,16.678768157958984,,
1274,,16.632692337036133,,
1275,,16.678768157958984,,
1276,,16.724843978881836,,
1277,,17.001283645629883,,
1278,,17.047359466552734,,
1279,,16.770915985107422,,
1280,,17.277729034423828,,
1281,,17.60024642944336,,
1282,,17.64632225036621,,
1283,,17.60024642944336,,
1284,,18.060985565185547,,
1285,,18.1070613861084,,
1286,,17.922765731811523,,
1287,,17.922765731811523,,
1288,,18.199207305908203,,
1289,,18.245281219482422,,
1290,,18.5217227935791,,
1291,,18.5217227935791,,
1292,,18.613872528076172,,
1293,,18.429574966430664,,
1294,,18.70602035522461,,
1295,,18.613872528076172,,
1296,,18.5217227935791,,
1297,,18.29135513305664,,
1298,,18.429574966430664,,
1299,,19.166757583618164,,
1300,,19.44320297241211,,
1301,,19.07461166381836,,
1302,,19.258909225463867,,
1303,,19.855506896972656,,
1304,,19.9487247467041,,
1305,,19.855506896972656,,
1306,,19.6690673828125,,
1307,,19.575849533081055,,
1308,,19.575849533081055,,
1309,,19.76228904724121,,
1310,,19.202974319458008,,
1311,,19.109758377075195,,
1312,,18.224185943603516,,
1313,,18.13096809387207,,
1314,,18.177574157714844,,
1315,,18.457229614257812,,
1316,,18.270793914794922,,
1317,,18.597057342529297,,
1318,,19.109758377075195,,
1319,,19.296194076538086,,
1320,,19.01654052734375,,
1321,,19.202974319458008,,
1322,,19.202974319458008,,
1323,,19.6690673828125,,
1324,,19.6690673828125,,
1325,,19.6690673828125,,
1326,,19.575849533081055,,
1327,,20.041942596435547,,
1328,,20.414813995361328,,
1329,,20.60124969482422,,
1330,,20.228378295898438,,
1331,,20.414813995361328,,
1332,,20.60124969482422,,
1333,,21.16056251525879,,
1334,,21.16056251525879,,
1335,,21.53343391418457,,
1336,,21.347000122070312,,
1337,,21.813091278076172,,
1338,,22.185964584350586,,
1339,,22.931711196899414,,
1340,,22.931711196899414,,
1341,,22.931711196899414,,
1342,,23.77067756652832,,
1343,,24.14354705810547,,
1344,,23.957109451293945,,
1345,,23.397802352905273,,
1346,,23.397802352905273,,
1347,,23.584238052368164,,
1348,,23.21136474609375,,
1349,,23.863895416259766,,
1350,,23.77067756652832,,
1351,,23.397802352905273,,
1352,,23.584238052368164,,
1353,,23.304584503173828,,
1354,,23.863895416259766,,
1355,,23.77067756652832,,
1356,,23.677457809448242,,
1357,,23.677457809448242,,
1358,,23.677457809448242,,
1359,,24.236766815185547,,
1360,,23.957109451293945,,
1361,,23.584238052368164,,
1362,,23.584238052368164,,
1363,,23.397802352905273,,
1364,,23.02492904663086,,
1365,,22.74527359008789,,
1366,,22.931711196899414,,
1367,,23.304584503173828,,
1368,,23.21136474609375,,
1369,,22.74527359008789,,
1370,,21.999526977539062,,
1371,,22.465618133544922,,
1372,,22.465618133544922,,
1373,,23.02492904663086,,
1374,,22.931711196899414,,
1375,,23.304584503173828,,
1376,,24.796077728271484,,
1377,,25.448604583740234,,
1378,,25.82147979736328,,
1379,,26.380786895751953,,
1380,,26.474008560180664,,
1381,,27.126535415649414,,
1382,,26.380786895751953,,
1383,,27.03331756591797,,
1384,,29.550212860107422,,
1385,,29.27055549621582,,
1386,,29.08411979675293,,
1387,,29.73664665222168,,
1388,,29.456993103027344,,
1389,,29.643428802490234,,
1390,,29.456993103027344,,
1391,,28.43159294128418,,
1392,,27.406192779541016,,
1393,,27.779064178466797,,
1394,,29.177337646484375,,
1395,,28.80446434020996,,
1396,,29.08411979675293,,
1397,,28.61802864074707,,
1398,,28.524810791015625,,
1399,,27.87228012084961,,
1400,,28.711246490478516,,
1401,,28.33837127685547,,
1402,,29.36377716064453,,
1403,,29.36377716064453,,
1404,,29.829866409301758,,
1405,,29.456993103027344,,
1406,,29.177337646484375,,
1407,,29.456993103027344,,
1408,,29.27055549621582,,
1409,,29.456993103027344,,
1410,,29.36377716064453,,
1411,,29.923084259033203,,
1412,,29.73664665222168,,
1413,,31.13492202758789,,
1414,,31.69423484802246,,
1415,,31.880674362182617,,
1416,,32.71963882446289,,
1417,,32.439979553222656,,
1418,,32.06710433959961,,
1419,,32.99928665161133,,
1420,,32.90607452392578,,
1421,,32.16032409667969,,
1422,,31.601015090942383,,
1423,,30.66883087158203,,
1424,,29.73664665222168,,
1425,,30.202741622924805,,
1426,,30.295957565307617,,
1427,,32.06710433959961,,
1428,,32.62641906738281,,
1429,,31.601015090942383,,
1430,,32.06710433959961,,
1431,,31.880674362182617,,
1432,,32.06710433959961,,
1433,,31.78745460510254,,
1434,,31.13492202758789,,
1435,,31.321361541748047,,
1436,,31.321361541748047,,
1437,,32.253543853759766,,
1438,,32.439979553222656,,
1439,,32.90607452392578,,
1440,,32.81285095214844,,
1441,,32.346763610839844,,
1442,,32.62641906738281,,
1443,,32.253543853759766,,
1444,,32.253543853759766,,
1445,,31.78745460510254,,
1446,,31.13492202758789,,
1447,,30.762052536010742,,
1448,,31.78745460510254,,
1449,,31.97389030456543,,
1450,,31.601015090942383,,
1451,,31.321361541748047,,
1452,,31.78745460510254,,
1453,,32.253543853759766,,
1454,,31.97389030456543,,
1455,,30.109521865844727,,
1456,,29.27055549621582,,
1457,,29.27055549621582,,
1458,,30.482398986816406,,
1459,,30.109521865844727,,
1460,,29.923084259033203,,
1461,,30.66883087158203,,
1462,,30.66883087158203,,
1463,,30.57561492919922,,
1464,,30.66883087158203,,
1465,,30.948488235473633,,
1466,,31.507795333862305,,
1467,,31.78745460510254,,
1468,,31.78745460510254,,
1469,,32.346763610839844,,
1470,,31.414579391479492,,
1471,,32.439979553222656,,
1472,,32.99928665161133,,
1473,,36.07549285888672,,
1474,,36.35514831542969,,
1475,,35.609405517578125,,
1476,,36.82124328613281,,
1477,,36.35514831542969,,
1478,,37.0076789855957,,
1479,,36.82124328613281,,
1480,,37.66020584106445,,
1481,,37.47377014160156,,
1482,,37.0076789855957,,
1483,,36.35514831542969,,
1484,,35.51618194580078,,
1485,,36.914459228515625,,
1486,,36.44837188720703,,
1487,,35.889060974121094,,
1488,,35.79584503173828,,
1489,,36.63481140136719,,
1490,,36.72801971435547,,
1491,,34.8636589050293,,
1492,,35.42296600341797,,
1493,,35.79584503173828,,
1494,,36.07549285888672,,
1495,,35.79584503173828,,
1496,,34.77043914794922,,
1497,,34.95687484741211,,
1498,,35.05009841918945,,
1499,,33.372161865234375,,
1500,39.84846496582031,33.27894973754883,,
1501,39.37123489379883,33.93147659301758,,
1502,34.837581634521484,34.58399963378906,,
1503,35.55342102050781,34.677223205566406,,
1504,31.01976203918457,33.185726165771484,,
1505,32.451446533203125,33.558597564697266,,
1506,30.065311431884766,30.855266571044922,,
1507,31.496990203857422,30.389179229736328,,
1508,33.64451217651367,31.601015090942383,,
1509,35.55342102050781,32.06710433959961,,
1510,35.076194763183594,32.593109130859375,,
1511,34.837581634521484,31.74774742126465,,
1512,33.16728591918945,30.714540481567383,,
1513,34.837581634521484,31.653823852539062,,
1514,33.64451217651367,28.46026039123535,,
1515,28.633628845214844,24.609201431274414,,
1516,29.58808135986328,25.454559326171875,,
1517,27.91778564453125,23.294208526611328,,
1518,27.67917251586914,23.482065200805664,,
1519,24.815811157226562,24.327415466308594,,
1520,22.42967414855957,25.830270767211914,,
1521,23.57501983642578,29.211687088012695,,
1522,20.043537139892578,26.01812744140625,,
1523,20.043537139892578,26.67562484741211,,
1524,23.002347946166992,27.520978927612305,,
1525,25.29303741455078,27.614906311035156,,
1526,23.861356735229492,27.990619659423828,,
1527,25.29303741455078,27.990619659423828,,
1528,26.72471809387207,28.178476333618164,,
1529,25.770263671875,27.990619659423828,,
1530,27.201948165893555,28.3663330078125,,
1531,26.48610496520996,27.89669418334961,,
1532,30.303922653198242,30.432756423950195,,
1533,30.303922653198242,31.559894561767578,,
1534,30.303922653198242,31.935604095458984,,
1535,32.451446533203125,33.532386779785156,,
1536,31.735599517822266,33.2505989074707,,
1537,31.496990203857422,32.8748893737793,,
1538,30.303922653198242,32.78096008300781,,
1539,30.065311431884766,31.231143951416016,,
1540,31.974218368530273,32.17042541503906,,
1541,33.88312530517578,33.814170837402344,,
1542,33.88312530517578,34.2838134765625,,
1543,33.40589904785156,36.63201904296875,,
1544,34.3603515625,36.86684036254883,,
1545,34.598968505859375,35.69273376464844,,
1546,34.3603515625,36.63201904296875,,
1547,35.55342102050781,37.101661682128906,,
1548,35.076194763183594,36.63201904296875,,
1549,35.3148078918457,36.39720153808594,,
1550,34.12173843383789,36.39720153808594,,
1551,34.3603515625,35.927555084228516,,
1552,34.598968505859375,35.69273376464844,,
1553,35.3148078918457,36.86684036254883,,
1554,36.03064727783203,37.33647918701172,,
1555,36.03064727783203,36.162376403808594,,
1556,34.3603515625,35.927555084228516,,
1557,32.690059661865234,35.69273376464844,,
1558,32.928672790527344,34.988277435302734,,
1559,34.598968505859375,35.69273376464844,,
1560,34.3603515625,36.63201904296875,,
1561,34.3603515625,36.86684036254883,,
1562,33.16728591918945,36.86684036254883,,
1563,33.64451217651367,36.39720153808594,,
1564,34.598968505859375,36.162376403808594,,
1565,35.076194763183594,35.69273376464844,,
1566,35.55342102050781,34.753456115722656,,
1567,36.74648666381836,35.45792007446289,,
1568,36.03064727783203,35.45792007446289,,
1569,36.50787353515625,36.63201904296875,,
1570,35.79203414916992,35.69273376464844,,
1571,35.3148078918457,36.39720153808594,,
1572,35.79203414916992,35.69273376464844,,
1573,34.3603515625,34.988277435302734,,
1574,35.076194763183594,35.45792007446289,,
1575,33.88312530517578,35.22309494018555,,
1576,33.40589904785156,34.988277435302734,,
1577,31.735599517822266,33.57935333251953,,
1578,34.3603515625,34.04899215698242,,
1579,33.40589904785156,34.753456115722656,,
1580,32.451446533203125,34.753456115722656,,
1581,32.690059661865234,34.04899215698242,,
1582,32.451446533203125,33.814170837402344,,
1583,32.928672790527344,34.04899215698242,,
1584,31.258377075195312,33.10971450805664,,
1585,30.303922653198242,33.34453201293945,,
1586,31.01976203918457,35.22309494018555,,
1587,30.303922653198242,34.988277435302734,,
1588,31.258377075195312,35.45792007446289,,
1589,31.258377075195312,35.45792007446289,,
1590,32.690059661865234,35.45792007446289,,
1591,32.451446533203125,36.39720153808594,,
1592,32.451446533203125,36.162376403808594,,
1593,31.974218368530273,36.162376403808594,,
1594,31.258377075195312,36.63201904296875,,
1595,30.542537689208984,35.45792007446289,,
1596,29.34946632385254,35.69273376464844,,
1597,28.633628845214844,35.22309494018555,,
1598,28.633628845214844,34.988277435302734,,
1599,28.633628845214844,34.2838134765625,,
1600,28.39501190185547,35.22309494018555,,
1601,28.39501190185547,35.22309494018555,,
1602,28.633628845214844,35.69273376464844,,
1603,27.44055938720703,34.753456115722656,,
1604,27.91778564453125,32.17042541503906,,
1605,27.44055938720703,32.405250549316406,,
1606,28.633628845214844,31.935604095458984,,
1607,27.91778564453125,31.46596336364746,,
1608,28.156400680541992,31.700786590576172,,
1609,27.44055938720703,31.231143951416016,,
1610,27.67917251586914,32.17042541503906,,
1611,27.67917251586914,32.17042541503906,,
1612,27.67917251586914,31.824962615966797,,
1613,27.44055938720703,31.587459564208984,,
1614,27.201948165893555,31.587459564208984,,
1615,28.633628845214844,32.062461853027344,,
1616,28.633628845214844,31.112462997436523,,
1617,28.39501190185547,30.874961853027344,,
1618,27.91778564453125,30.399961471557617,,
1619,29.110855102539062,30.399961471557617,,
1620,28.39501190185547,29.924962997436523,,
1621,29.110855102539062,29.687463760375977,,
1622,28.633628845214844,29.44996452331543,,
1623,28.633628845214844,30.162464141845703,,
1624,28.39501190185547,29.687463760375977,,
1625,28.39501190185547,29.924962997436523,,
1626,29.82669448852539,31.824962615966797,,
1627,29.58808135986328,31.112462997436523,,
1628,28.39501190185547,29.924962997436523,,
1629,27.91778564453125,30.399961471557617,,
1630,27.91778564453125,30.399961471557617,,
1631,27.44055938720703,30.162464141845703,,
1632,26.72471809387207,29.687463760375977,,
1633,26.72471809387207,30.162464141845703,,
1634,26.963333129882812,30.162464141845703,,
1635,25.770263671875,29.924962997436523,,
1636,25.29303741455078,29.687463760375977,,
1637,26.963333129882812,30.162464141845703,,
1638,27.91778564453125,30.162464141845703,,
1639,27.201948165893555,29.924962997436523,,
1640,26.72471809387207,29.924962997436523,,
1641,26.24749183654785,29.687463760375977,,
1642,26.48610496520996,29.924962997436523,,
1643,25.770263671875,29.21246337890625,,
1644,25.53165054321289,27.787466049194336,,
1645,25.770263671875,28.26246452331543,,
1646,26.008878707885742,29.21246337890625,,
1647,25.054424285888672,29.44996452331543,,
1648,24.815811157226562,28.974964141845703,,
1649,25.054424285888672,29.44996452331543,,
1650,23.861356735229492,28.974964141845703,,
1651,24.338584899902344,28.974964141845703,,
1652,24.815811157226562,28.737464904785156,,
1653,26.008878707885742,29.21246337890625,,
1654,26.48610496520996,30.162464141845703,,
1655,26.48610496520996,29.687463760375977,,
1656,26.72471809387207,29.924962997436523,,
1657,27.201948165893555,29.44996452331543,,
1658,25.53165054321289,28.974964141845703,,
1659,25.29303741455078,28.737464904785156,,
1660,23.67046546936035,28.499967575073242,,
1661,24.577198028564453,28.26246452331543,,
1662,25.53165054321289,28.024967193603516,,
1663,26.24749183654785,27.074966430664062,,
1664,25.770263671875,26.599966049194336,,
1665,26.48610496520996,26.599966049194336,,
1666,25.29303741455078,27.074966430664062,,
1667,25.53165054321289,27.31246566772461,,
1668,25.53165054321289,27.074966430664062,,
1669,25.29303741455078,27.31246566772461,,
1670,25.53165054321289,28.024967193603516,,
1671,25.054424285888672,27.54996681213379,,
1672,26.008878707885742,29.687463760375977,,
1673,25.770263671875,30.637460708618164,,
1674,27.201948165893555,32.062461853027344,,
1675,31.01976203918457,32.062461853027344,,
1676,30.065311431884766,33.01245880126953,,
1677,29.82669448852539,32.774959564208984,,
1678,31.01976203918457,33.962459564208984,,
1679,31.496990203857422,33.01245880126953,,
1680,32.21282958984375,33.01245880126953,,
1681,32.928672790527344,34.19995880126953,,
1682,32.21282958984375,34.19995880126953,,
1683,33.16728591918945,34.19995880126953,,
1684,32.928672790527344,35.149959564208984,,
1685,31.974218368530273,33.962459564208984,,
1686,31.735599517822266,34.19995880126953,,
1687,31.496990203857422,34.91245651245117,,
1688,32.21282958984375,34.43745803833008,,
1689,31.01976203918457,33.24995803833008,,
1690,31.01976203918457,32.774959564208984,,
1691,32.21282958984375,33.487457275390625,,
1692,33.16728591918945,33.72496032714844,,
1693,33.40589904785156,33.487457275390625,,
1694,33.40589904785156,33.72496032714844,,
1695,33.40589904785156,34.19995880126953,,
1696,32.928672790527344,33.72496032714844,,
1697,32.690059661865234,33.962459564208984,,
1698,32.690059661865234,33.487457275390625,,
1699,33.16728591918945,33.72496032714844,,
1700,33.64451217651367,33.962459564208984,,
1701,30.78114891052246,31.587459564208984,,
1702,30.542537689208984,32.29996109008789,,
1703,30.065311431884766,31.824962615966797,,
1704,31.258377075195312,33.01245880126953,,
1705,31.496990203857422,32.774959564208984,,
1706,30.065311431884766,33.24995803833008,,
1707,30.542537689208984,33.24995803833008,,
1708,29.34946632385254,32.53746032714844,,
1709,29.34946632385254,33.72496032714844,,
1710,29.82669448852539,35.3874626159668,,
1711,28.872241973876953,34.19995880126953,,
1712,29.58808135986328,34.43745803833008,,
1713,29.82669448852539,35.149959564208984,,
1714,29.34946632385254,34.674957275390625,,
1715,29.110855102539062,35.149959564208984,,
1716,29.110855102539062,35.149959564208984,,
1717,29.110855102539062,33.962459564208984,,
1718,29.34946632385254,33.487457275390625,,
1719,28.872241973876953,33.24995803833008,,
1720,28.872241973876953,33.72496032714844,,
1721,28.872241973876953,32.774959564208984,,
1722,30.78114891052246,32.53746032714844,,
1723,30.78114891052246,32.062461853027344,,
1724,31.258377075195312,32.062461853027344,,
1725,30.542537689208984,32.29996109008789,,
1726,30.065311431884766,31.824962615966797,,
1727,29.58808135986328,31.349960327148438,,
1728,29.34946632385254,31.824962615966797,,
1729,29.34946632385254,31.587459564208984,,
1730,29.82669448852539,32.29996109008789,,
1731,30.065311431884766,32.062461853027344,,
1732,30.542537689208984,31.587459564208984,,
1733,30.78114891052246,31.112462997436523,,
1734,31.974218368530273,31.349960327148438,,
1735,32.928672790527344,31.824962615966797,,
1736,32.21282958984375,33.487457275390625,,
1737,31.974218368530273,33.24995803833008,26.89098358154297,
1738,31.258377075195312,33.01245880126953,31.257896423339844,
1739,31.01976203918457,33.01245880126953,30.108707427978516,
1740,30.78114891052246,32.774959564208984,27.120820999145508,
1741,30.78114891052246,32.774959564208984,27.810335159301758,
1742,30.542537689208984,32.29996109008789,28.95952033996582,
1743,30.065311431884766,31.824962615966797,29.189361572265625,
1744,32.21282958984375,32.53746032714844,28.499845504760742,
1745,31.496990203857422,32.53746032714844,28.270008087158203,
1746,31.974218368530273,31.587459564208984,27.120820999145508,
1747,31.974218368530273,31.587459564208984,27.120820999145508,
1748,32.690059661865234,32.53746032714844,26.89098358154297,
1749,34.12173843383789,33.01245880126953,27.35066032409668,
1750,35.076194763183594,32.774959564208984,27.35066032409668,
1751,34.837581634521484,32.41954803466797,27.810335159301758,
1752,35.076194763183594,31.93925666809082,27.35066032409668,
1753,35.076194763183594,32.41954803466797,27.35066032409668,
1754,36.26926040649414,32.41954803466797,28.040170669555664,
1755,36.03064727783203,32.17940139770508,27.810335159301758,
1756,35.3148078918457,32.899837493896484,27.810335159301758,
1757,35.076194763183594,32.41954803466797,27.58049774169922,
1758,34.837581634521484,32.41954803466797,27.44213104248047,
1759,34.837581634521484,32.41954803466797,30.440011978149414,
1760,34.598968505859375,32.41954803466797,30.440011978149414,
1761,34.3603515625,32.17940139770508,29.517587661743164,
1762,34.837581634521484,32.17940139770508,29.286983489990234,
1763,35.55342102050781,31.93925666809082,29.748197555541992,
1764,35.076194763183594,32.17940139770508,30.440011978149414,
1765,35.076194763183594,32.41954803466797,29.517587661743164,
1766,35.55342102050781,32.17940139770508,30.20940589904785,
1767,35.55342102050781,32.17940139770508,30.20940589904785,
1768,36.26926040649414,31.69911003112793,29.978803634643555,
1769,35.55342102050781,32.17940139770508,29.748197555541992,
1770,36.03064727783203,32.41954803466797,29.748197555541992,
1771,36.26926040649414,32.17940139770508,29.748197555541992,
1772,34.598968505859375,31.93925666809082,29.286983489990234,
1773,33.16728591918945,31.93925666809082,28.825769424438477,
1774,33.16728591918945,31.69911003112793,29.056373596191406,
1775,32.928672790527344,31.93925666809082,28.595163345336914,
1776,31.735599517822266,31.69911003112793,27.903345108032227,
1777,32.451446533203125,31.458967208862305,28.133953094482422,
1778,34.12173843383789,30.97867774963379,28.36455726623535,
1779,33.40589904785156,32.899837493896484,27.903345108032227,
1780,33.64451217651367,33.620269775390625,27.903345108032227,
1781,33.64451217651367,32.899837493896484,27.672739028930664,
1782,33.40589904785156,32.41954803466797,27.672739028930664,
1783,32.21282958984375,32.41954803466797,27.21152687072754,
1784,33.16728591918945,32.41954803466797,27.44213104248047,
1785,34.12173843383789,32.899837493896484,27.672739028930664,
1786,34.025211334228516,33.13998031616211,28.36455726623535,
1787,33.78390121459961,33.13998031616211,28.133953094482422,
1788,32.094703674316406,32.41954803466797,27.21152687072754,
1789,33.059959411621094,32.17940139770508,27.44213104248047,
1790,33.78390121459961,32.659690856933594,27.44213104248047,
1791,33.78390121459961,32.659690856933594,26.98092269897461,
1792,33.78390121459961,32.659690856933594,26.750314712524414,
1793,31.370765686035156,32.41954803466797,26.289104461669922,
1794,30.888137817382812,31.458967208862305,26.289104461669922,
1795,30.888137817382812,31.458967208862305,26.289104461669922,
1796,30.64682388305664,31.458967208862305,26.058494567871094,
1797,31.853389739990234,31.458967208862305,26.98092269897461,
1798,31.612077713012695,31.458967208862305,26.98092269897461,
1799,31.612077713012695,31.458967208862305,26.98092269897461,
1800,30.888137817382812,31.458967208862305,27.21152687072754,
1801,30.888137817382812,31.458967208862305,27.44213104248047,
1802,30.64682388305664,31.69911003112793,27.672739028930664,
1803,31.853389739990234,32.659690856933594,27.672739028930664,
1804,32.094703674316406,32.41954803466797,27.903345108032227,
1805,32.094703674316406,32.41954803466797,27.672739028930664,
1806,33.301273345947266,32.659690856933594,29.517587661743164,
1807,34.50783920288086,33.620269775390625,28.825769424438477,
1808,35.47309875488281,33.13998031616211,28.825769424438477,
1809,35.71440887451172,32.659690856933594,28.595163345336914,
1810,36.19703674316406,32.899837493896484,27.672739028930664,
1811,36.438350677490234,33.380123138427734,28.36455726623535,
1812,35.95572280883789,33.380123138427734,27.903345108032227,
1813,35.95572280883789,33.13998031616211,28.595163345336914,
1814,36.19703674316406,32.659690856933594,28.825769424438477,
1815,36.19703674316406,32.899837493896484,28.595163345336914,
1816,35.47309875488281,32.659690856933594,28.825769424438477,
1817,35.47309875488281,32.41954803466797,28.595163345336914,
1818,35.231781005859375,33.380123138427734,28.825769424438477,
1819,34.9904670715332,33.13998031616211,28.36455726623535,
1820,34.9904670715332,32.41954803466797,28.36455726623535,
1821,34.025211334228516,32.17940139770508,28.133953094482422,
1822,33.78390121459961,32.659690856933594,27.903345108032227,
1823,33.54258728027344,32.17940139770508,28.133953094482422,
1824,33.54258728027344,32.17940139770508,27.672739028930664,
1825,33.301273345947266,32.899837493896484,27.903345108032227,
1826,32.336021423339844,32.899837493896484,28.133953094482422,
1827,33.059959411621094,32.899837493896484,27.903345108032227,
1828,32.81864929199219,32.41954803466797,27.672739028930664,
1829,33.059959411621094,32.659690856933594,27.44213104248047,
1830,33.78390121459961,32.659690856933594,27.672739028930664,
1831,32.81864929199219,32.659690856933594,27.44213104248047,
1832,31.612077713012695,31.93925666809082,26.750314712524414,
1833,32.336021423339844,31.93925666809082,26.750314712524414,
1834,31.853389739990234,31.69911003112793,26.750314712524414,
1835,32.336021423339844,32.17940139770508,26.750314712524414,
1836,31.853389739990234,32.17940139770508,26.750314712524414,
1837,31.612077713012695,31.93925666809082,26.51970672607422,
1838,31.612077713012695,32.17940139770508,26.51970672607422,
1839,31.129451751708984,31.69911003112793,26.51970672607422,
1840,30.64682388305664,32.17940139770508,26.289104461669922,
1841,31.129451751708984,32.41954803466797,26.289104461669922,
1842,30.888137817382812,32.41954803466797,26.289104461669922,
1843,30.4055118560791,32.17940139770508,26.289104461669922,
1844,30.64682388305664,32.41954803466797,26.51970672607422,
1845,30.164196014404297,32.41954803466797,26.058494567871094,
1846,29.922882080078125,32.17940139770508,25.5972843170166,
1847,29.922882080078125,32.17940139770508,25.827890396118164,
1848,29.681568145751953,32.41954803466797,26.289104461669922,
1849,30.4055118560791,34.580848693847656,25.827890396118164,
1850,29.440256118774414,33.86041259765625,25.827890396118164,
1851,29.198942184448242,35.78157043457031,25.366676330566406,
1852,30.164196014404297,36.742149353027344,26.058494567871094,
1853,29.922882080078125,36.26185989379883,25.827890396118164,
1854,29.922882080078125,36.26185989379883,26.058494567871094,
1855,29.922882080078125,36.26185989379883,25.827890396118164,
1856,29.198942184448242,36.0217170715332,25.827890396118164,
1857,29.922882080078125,36.26185989379883,26.058494567871094,
1858,30.888137817382812,36.982295989990234,26.51970672607422,
1859,30.64682388305664,36.26185989379883,26.289104461669922,
1860,31.612077713012695,37.22243881225586,26.750314712524414,
1861,32.81864929199219,37.22243881225586,27.672739028930664,
1862,32.336021423339844,36.0217170715332,27.21152687072754,
1863,32.577335357666016,36.742149353027344,27.21152687072754,
1864,32.81864929199219,36.742149353027344,27.21152687072754,
1865,32.81864929199219,36.742149353027344,27.21152687072754,
1866,33.301273345947266,38.42316436767578,27.672739028930664,
1867,33.059959411621094,40.104183197021484,27.903345108032227,
1868,33.059959411621094,39.864036560058594,27.672739028930664,
1869,33.54258728027344,39.6238899230957,27.44213104248047,
1870,33.301273345947266,40.824615478515625,26.98092269897461,
1871,33.059959411621094,40.104183197021484,26.98092269897461,
1872,32.577335357666016,40.34432601928711,26.98092269897461,
1873,32.336021423339844,40.104183197021484,27.232295989990234,
1874,31.612077713012695,39.38374710083008,26.76678466796875,
1875,31.853389739990234,39.6238899230957,26.999544143676758,
1876,32.336021423339844,39.6238899230957,26.999544143676758,
1877,32.577335357666016,38.90345764160156,26.999544143676758,
1878,32.336021423339844,39.14360046386719,26.999544143676758,
1879,32.577335357666016,39.14360046386719,26.76678466796875,
1880,32.094703674316406,38.90345764160156,26.999544143676758,
1881,31.612077713012695,38.18301773071289,26.534032821655273,
1882,32.336021423339844,39.14360046386719,26.30127716064453,
1883,32.81864929199219,39.6238899230957,26.534032821655273,
1884,32.81864929199219,39.864036560058594,26.534032821655273,
1885,32.81864929199219,39.6238899230957,26.06852149963379,
1886,32.81864929199219,39.14360046386719,25.83576774597168,
1887,32.81864929199219,39.38374710083008,26.06852149963379,
1888,32.336021423339844,39.864036560058594,25.603015899658203,
1889,32.336021423339844,41.54505157470703,25.603015899658203,
1890,33.059959411621094,41.54505157470703,25.603015899658203,
1891,33.059959411621094,42.74577331542969,25.83576774597168,
1892,33.301273345947266,42.02534103393555,26.06852149963379,
1893,33.54258728027344,42.74577331542969,26.76678466796875,
1894,33.54258728027344,42.74577331542969,26.76678466796875,
1895,33.54258728027344,41.785194396972656,26.534032821655273,
1896,34.025211334228516,41.785194396972656,26.534032821655273,
1897,34.74915313720703,42.02534103393555,26.30127716064453,
1898,34.26652908325195,41.064762115478516,26.534032821655273,
1899,34.26652908325195,41.064762115478516,26.30127716064453,
1900,34.025211334228516,40.824615478515625,25.83576774597168,
1901,34.025211334228516,40.824615478515625,26.06852149963379,
1902,34.26652908325195,40.824615478515625,25.83576774597168,
1903,33.54258728027344,40.824615478515625,25.83576774597168,
1904,33.059959411621094,41.54505157470703,26.06852149963379,
1905,32.81864929199219,41.064762115478516,26.06852149963379,
1906,32.81864929199219,42.26548385620117,25.83576774597168,
1907,33.54258728027344,41.54505157470703,25.603015899658203,
1908,33.301273345947266,41.30490493774414,25.13750457763672,
1909,33.059959411621094,41.30490493774414,25.13750457763672,
1910,33.301273345947266,40.58447265625,24.671993255615234,
1911,33.301273345947266,41.064762115478516,24.206485748291016,
1912,33.54258728027344,41.064762115478516,24.439241409301758,
1913,34.50783920288086,40.104183197021484,24.439241409301758,
1914,34.9904670715332,40.34432601928711,24.206485748291016,
1915,34.9904670715332,39.864036560058594,24.439241409301758,
1916,34.74915313720703,40.104183197021484,25.13750457763672,
1917,35.231781005859375,40.104183197021484,24.904748916625977,
1918,34.9904670715332,39.6238899230957,24.904748916625977,
1919,35.231781005859375,39.864036560058594,24.904748916625977,
1920,35.231781005859375,39.14360046386719,24.671993255615234,
1921,34.74915313720703,39.38374710083008,24.671993255615234,
1922,34.50783920288086,39.6238899230957,24.904748916625977,
1923,34.74915313720703,40.34432601928711,24.671993255615234,
1924,34.50783920288086,40.104183197021484,24.439241409301758,
1925,35.47309875488281,40.104183197021484,24.439241409301758,
1926,34.9904670715332,40.104183197021484,24.206485748291016,
1927,32.81864929199219,39.14360046386719,23.74097442626953,
1928,31.853389739990234,38.42316436767578,23.508222579956055,
1929,30.888137817382812,37.702728271484375,23.275466918945312,
1930,31.853389739990234,38.42316436767578,23.275466918945312,
1931,32.094703674316406,38.42316436767578,23.508222579956055,
1932,31.853389739990234,38.42316436767578,23.275466918945312,
1933,33.059959411621094,38.90345764160156,23.508222579956055,
1934,33.301273345947266,38.90345764160156,23.973731994628906,
1935,33.059959411621094,39.14360046386719,23.74097442626953,
1936,33.54258728027344,39.38374710083008,23.74097442626953,
1937,33.78390121459961,39.14360046386719,23.74097442626953,
1938,33.54258728027344,39.38374710083008,23.508222579956055,
1939,34.025211334228516,41.064762115478516,23.973731994628906,
1940,34.26652908325195,41.30490493774414,23.74097442626953,
1941,33.059959411621094,41.30490493774414,23.74097442626953,
1942,32.81864929199219,41.54505157470703,23.508222579956055,
1943,33.059959411621094,41.785194396972656,23.74097442626953,
1944,33.54258728027344,42.26548385620117,23.74097442626953,
1945,32.577335357666016,42.02534103393555,24.206485748291016,
1946,31.370765686035156,42.26548385620117,25.13750457763672,
1947,31.129451751708984,42.26548385620117,25.370258331298828,
1948,30.888137817382812,42.26548385620117,25.370258331298828,
1949,30.888137817382812,43.94649887084961,25.13750457763672,
1950,31.370765686035156,45.62751007080078,25.370258331298828,
1951,31.612077713012695,45.387367248535156,25.370258331298828,
1952,30.888137817382812,44.66693115234375,24.439241409301758,
1953,30.64682388305664,44.426788330078125,24.439241409301758,
1954,30.888137817382812,44.66693115234375,24.439241409301758,
1955,30.888137817382812,44.66693115234375,24.439241409301758,
1956,31.129451751708984,47.548667907714844,24.206485748291016,
1957,31.129451751708984,47.06837844848633,24.439241409301758,
1958,31.129451751708984,48.269100189208984,23.973731994628906,
1959,31.853389739990234,49.95011520385742,23.973731994628906,
1960,31.612077713012695,48.509246826171875,23.74097442626953,
1961,31.612077713012695,48.7493896484375,23.74097442626953,
1962,32.336021423339844,48.509246826171875,23.275466918945312,
1963,31.853389739990234,48.02895736694336,23.508222579956055,
1964,32.336021423339844,48.269100189208984,23.508222579956055,
1965,32.336021423339844,48.269100189208984,23.275466918945312,
1966,32.336021423339844,47.78881072998047,23.275466918945312,
1967,31.853389739990234,47.30852127075195,22.53065299987793,
1968,32.094703674316406,47.06837844848633,22.623754501342773,
1969,32.81864929199219,47.06837844848633,22.903059005737305,
1970,32.81864929199219,48.509246826171875,22.903059005737305,
1971,33.301273345947266,48.509246826171875,22.903059005737305,
1972,33.301273345947266,48.02895736694336,22.80995750427246,
1973,33.059959411621094,48.98953628540039,22.716856002807617,
1974,36.19703674316406,48.02895736694336,22.80995750427246,
1975,35.71440887451172,48.02895736694336,23.508222579956055,
1976,36.67966079711914,48.98953628540039,23.973731994628906,
1977,36.92097854614258,48.509246826171875,23.74097442626953,
1978,36.67966079711914,48.509246826171875,23.275466918945312,
1979,36.67966079711914,48.02895736694336,23.508222579956055,
1980,37.403602600097656,49.469825744628906,23.74097442626953,
1981,37.403602600097656,49.469825744628906,25.13750457763672,
1982,37.64491653442383,49.95011520385742,25.370258331298828,
1983,36.67966079711914,48.7493896484375,25.13750457763672,
1984,36.438350677490234,48.509246826171875,24.904748916625977,
1985,36.92097854614258,48.7493896484375,24.904748916625977,
1986,35.47309875488281,47.78881072998047,24.439241409301758,
1987,36.438350677490234,48.02895736694336,24.439241409301758,
1988,36.92097854614258,48.509246826171875,24.148521423339844,
1989,36.92097854614258,48.98953628540039,24.61742401123047,
1990,37.403602600097656,48.269100189208984,24.148521423339844,
1991,37.64491653442383,48.509246826171875,23.914066314697266,
1992,36.67966079711914,48.2088508605957,23.914066314697266,
1993,35.47309875488281,45.05952835083008,23.1638240814209,
1994,35.71440887451172,45.54404067993164,23.1638240814209,
1995,36.67966079711914,46.27080535888672,23.351383209228516,
1996,36.67966079711914,46.75531768798828,23.445165634155273,
1997,36.67966079711914,46.27080535888672,23.914066314697266,
1998,36.92097854614258,46.75531768798828,24.148521423339844,
1999,36.19703674316406,46.27080535888672,23.679616928100586,
2000,37.162288665771484,47.239830017089844,23.679616928100586,
2001,37.403602600097656,48.2088508605957,23.914066314697266,
2002,37.64491653442383,47.96659469604492,23.679616928100586,
2003,37.64491653442383,47.72433853149414,23.679616928100586,
2004,37.403602600097656,47.72433853149414,23.914066314697266,
2005,36.438350677490234,47.482086181640625,23.445165634155273,
2006,36.67966079711914,47.482086181640625,23.679616928100586,
2007,36.92097854614258,47.482086181640625,23.445165634155273,
2008,37.162288665771484,47.482086181640625,23.679616928100586,
2009,37.403602600097656,48.451107025146484,23.445165634155273,
2010,38.85148620605469,49.662384033203125,23.679616928100586,
2011,38.368858337402344,49.662384033203125,23.445165634155273,
2012,38.610172271728516,49.662384033203125,23.445165634155273,
2013,38.368858337402344,49.904640197753906,23.445165634155273,
2014,38.610172271728516,48.93561553955078,23.914066314697266,
2015,38.610172271728516,48.2088508605957,23.914066314697266,
2016,39.33411407470703,48.451107025146484,23.679616928100586,
2017,38.85148620605469,47.482086181640625,23.679616928100586,
2018,38.85148620605469,47.72433853149414,23.445165634155273,
2019,38.85148620605469,47.96659469604492,23.351383209228516,
2020,39.81673812866211,47.96659469604492,23.445165634155273,
2021,39.5754280090332,48.2088508605957,23.445165634155273,68.34786987304688
2022,39.09280014038086,48.2088508605957,23.445165634155273,
2023,38.85148620605469,47.96659469604492,23.351383209228516,
2024,38.610172271728516,47.239830017089844,23.25760269165039,
2025,38.610172271728516,46.75531768798828,22.882482528686523,
2026,38.610172271728516,46.5130615234375,22.788700103759766,95.60315704345703
2027,38.610172271728516,46.99757385253906,22.882482528686523,94.34522247314453
2028,38.12754821777344,47.239830017089844,23.445165634155273,96.4417724609375
2029,37.886226654052734,46.75531768798828,23.351383209228516,98.53833770751953
2030,37.886226654052734,46.27080535888672,23.445165634155273,96.861083984375
2031,37.886226654052734,45.78629684448242,23.445165634155273,95.183837890625
2032,37.44852066040039,44.332763671875,23.679616928100586,92.66796875
2033,37.93486785888672,44.81727600097656,23.679616928100586,94.76453399658203
2034,37.69169235229492,44.81727600097656,24.85187530517578,94.34522247314453
2035,35.746315002441406,44.332763671875,24.382970809936523,91.4100341796875
2036,34.53045654296875,44.332763671875,24.85187530517578,90.15209197998047
2037,35.259971618652344,45.30178451538086,24.382970809936523,90.57140350341797
2038,35.98948669433594,45.54404067993164,24.85187530517578,92.24864959716797
2039,35.746315002441406,44.57501983642578,24.85187530517578,90.57140350341797
2040,35.98948669433594,45.05952835083008,24.85187530517578,93.506591796875
2041,36.232662200927734,45.78629684448242,25.08632469177246,96.4417724609375
2042,35.98948669433594,45.54404067993164,25.08632469177246,93.08728790283203
2043,35.746315002441406,45.78629684448242,25.320777893066406,90.99071502685547
2044,35.746315002441406,46.0285530090332,25.320777893066406,91.829345703125
2045,35.98948669433594,46.27080535888672,25.320777893066406,93.08728790283203
2046,36.475833892822266,46.75531768798828,25.55523109436035,94.34522247314453
2047,36.96217727661133,46.99757385253906,26.024133682250977,94.76453399658203
2048,36.96217727661133,47.239830017089844,25.789682388305664,93.506591796875
2049,36.7190055847168,46.27080535888672,26.024133682250977,92.66796875
2050,36.7190055847168,46.0285530090332,26.024133682250977,92.24864959716797
2051,35.98948669433594,45.54404067993164,26.024133682250977,90.99071502685547
2052,35.746315002441406,45.78629684448242,25.789682388305664,91.4100341796875
2053,35.503143310546875,45.78629684448242,25.320777893066406,94.76453399658203
2054,35.259971618652344,46.5130615234375,25.320777893066406,93.506591796875
2055,34.28728103637695,45.30178451538086,24.382970809936523,90.57140350341797
2056,34.28728103637695,45.05952835083008,24.61742401123047,90.15209197998047
2057,34.04410934448242,44.81727600097656,24.61742401123047,91.4100341796875
2058,33.55776596069336,43.84825134277344,24.148521423339844,88.8941650390625
2059,33.31459426879883,45.05952835083008,24.148521423339844,88.8941650390625
2060,33.55776596069336,45.30178451538086,24.148521423339844,86.37828826904297
2061,33.55776596069336,46.0285530090332,24.61742401123047,88.05553436279297
2062,33.55776596069336,45.54404067993164,24.382970809936523,85.53965759277344
2063,33.31459426879883,45.30178451538086,24.148521423339844,85.53965759277344
2064,33.55776596069336,45.78629684448242,24.382970809936523,87.21691131591797
2065,33.80093765258789,46.27080535888672,24.61742401123047,87.21691131591797
2066,34.28728103637695,46.5130615234375,24.85187530517578,87.63622283935547
2067,34.28728103637695,46.0285530090332,24.61742401123047,86.79759979248047
2068,34.04410934448242,45.05952835083008,23.914066314697266,87.21691131591797
2069,34.53045654296875,45.30178451538086,23.914066314697266,87.63622283935547
2070,34.04410934448242,45.30178451538086,23.914066314697266,85.53965759277344
2071,33.31459426879883,45.05952835083008,23.914066314697266,84.28172302246094
2072,33.31459426879883,45.30178451538086,23.914066314697266,83.86241912841797
2073,34.28728103637695,45.78629684448242,24.148521423339844,83.02378845214844
2074,34.28728103637695,45.78629684448242,24.148521423339844,82.81413269042969
2075,34.04410934448242,46.5130615234375,24.148521423339844,85.53965759277344
2076,34.04410934448242,46.27080535888672,23.679616928100586,83.86241912841797
2077,34.04410934448242,46.5130615234375,24.148521423339844,79.6692886352539
2078,34.04410934448242,46.5130615234375,24.148521423339844,78.83067321777344
2079,34.28728103637695,46.75531768798828,24.382970809936523,79.87895202636719
2080,34.04410934448242,45.30178451538086,23.914066314697266,76.52445220947266
2081,34.28728103637695,45.30178451538086,23.914066314697266,76.10514068603516
2082,34.53045654296875,45.30178451538086,23.679616928100586,78.83067321777344
2083,34.77362823486328,45.30178451538086,24.148521423339844,81.34654235839844
2084,35.503143310546875,45.54404067993164,23.679616928100586,85.53965759277344
2085,35.503143310546875,45.54404067993164,23.679616928100586,84.28172302246094
2086,35.503143310546875,45.78629684448242,23.679616928100586,85.12034606933594
2087,36.7190055847168,45.78629684448242,24.85187530517578,83.86241912841797
2088,36.475833892822266,46.27080535888672,25.08632469177246,84.28172302246094
2089,36.475833892822266,46.75531768798828,25.08632469177246,84.28172302246094
2090,36.475833892822266,47.482086181640625,25.08632469177246,84.70103454589844
2091,36.96217727661133,47.239830017089844,25.320777893066406,86.79759979248047
2092,37.44852066040039,48.2088508605957,25.320777893066406,89.7327880859375
2093,37.44852066040039,48.2088508605957,25.320777893066406,89.31346893310547
2094,37.69169235229492,48.451107025146484,25.320777893066406,87.63622283935547
2095,37.44852066040039,48.451107025146484,25.320777893066406,88.05553436279297
2096,37.93486785888672,48.451107025146484,25.55523109436035,88.8941650390625
2097,38.17803955078125,47.96659469604492,25.320777893066406,88.8941650390625
2098,38.42121124267578,48.2088508605957,25.55523109436035,90.57140350341797
2099,38.66438293457031,48.2088508605957,25.320777893066406,90.57140350341797
2100,38.66438293457031,47.72433853149414,24.85187530517578,88.05553436279297
2101,38.17803955078125,47.72433853149414,25.08632469177246,86.79759979248047
2102,38.66438293457031,47.96659469604492,24.85187530517578,87.63622283935547
2103,39.150726318359375,47.72433853149414,24.85187530517578,87.63622283935547
2104,39.393898010253906,48.2088508605957,25.320777893066406,92.66796875
2105,38.907554626464844,49.904640197753906,25.320777893066406,92.66796875
2106,38.42121124267578,48.693363189697266,24.85187530517578,90.99071502685547
2107,39.6370735168457,48.93561553955078,25.08632469177246,93.08728790283203
2108,39.393898010253906,49.662384033203125,25.55523109436035,92.66796875
2109,39.150726318359375,49.17787170410156,25.320777893066406,91.829345703125
2110,39.6370735168457,49.904640197753906,25.415788650512695,91.4100341796875
2111,38.66438293457031,49.420127868652344,25.178258895874023,93.506591796875
2112,38.907554626464844,54.26523971557617,25.415788650512695,93.506591796875
2113,38.42121124267578,54.26523971557617,25.415788650512695,93.506591796875
2114,39.393898010253906,53.78072738647461,25.6533203125,93.506591796875
2115,39.6370735168457,54.749752044677734,26.12838363647461,93.506591796875
2116,39.6370735168457,54.02298355102539,25.890851974487305,93.506591796875
2117,39.393898010253906,54.26523971557617,25.415788650512695,93.08728790283203
2118,38.907554626464844,53.53847122192383,25.6533203125,92.24864959716797
2119,38.907554626464844,53.053958892822266,25.415788650512695,89.31346893310547
2120,37.69169235229492,52.32719421386719,25.178258895874023,88.05553436279297
2121,37.69169235229492,52.56945037841797,25.178258895874023,88.8941650390625
2122,38.66438293457031,51.842681884765625,25.178258895874023,90.15209197998047
2123,37.93486785888672,51.35817337036133,25.178258895874023,89.7327880859375
2124,38.42121124267578,52.32719421386719,25.415788650512695,90.57140350341797
2125,37.69169235229492,51.600425720214844,24.94072914123535,90.99071502685547
2126,37.44852066040039,51.35817337036133,24.94072914123535,89.7327880859375
2127,39.150726318359375,51.35817337036133,24.94072914123535,88.05553436279297
2128,38.907554626464844,51.11591720581055,24.703197479248047,86.79759979248047
2129,38.66438293457031,50.631404876708984,24.465667724609375,87.63622283935547
2130,38.42121124267578,50.873661041259766,24.465667724609375,87.21691131591797
2131,36.96217727661133,48.93561553955078,24.228134155273438,85.53965759277344
2132,38.66438293457031,49.420127868652344,24.703197479248047,86.79759979248047
2133,38.42121124267578,48.451107025146484,24.703197479248047,87.21691131591797
2134,38.42121124267578,48.2088508605957,24.703197479248047,88.05553436279297
2135,38.17803955078125,47.72433853149414,24.465667724609375,88.05553436279297
2136,37.93486785888672,47.482086181640625,24.228134155273438,87.63622283935547
2137,37.69169235229492,46.99757385253906,24.228134155273438,86.79759979248047
2138,38.17803955078125,46.99757385253906,24.228134155273438,87.6485595703125
2139,38.66438293457031,46.99757385253906,24.228134155273438,87.6485595703125
2140,38.907554626464844,48.451107025146484,23.9906063079834,89.35047149658203
2141,38.66438293457031,48.451107025146484,24.228134155273438,90.62690734863281
2142,39.150726318359375,48.451107025146484,24.465667724609375,91.47786712646484
2143,39.150726318359375,48.451107025146484,24.465667724609375,90.20142364501953
2144,39.6370735168457,48.693363189697266,24.465667724609375,89.77594757080078
2145,39.393898010253906,49.17787170410156,23.46803855895996,90.20142364501953
2146,40.3665885925293,49.420127868652344,22.89796257019043,89.77594757080078
2147,40.85293197631836,49.17787170410156,22.992977142333984,89.77594757080078
2148,40.85293197631836,48.93561553955078,22.89796257019043,90.20142364501953
2149,40.60976028442383,49.904640197753906,23.183002471923828,90.62690734863281
2150,40.3665885925293,50.14689636230469,23.183002471923828,90.62690734863281
2151,40.123416900634766,49.420127868652344,23.183002471923828,91.90333557128906
2152,39.880245208740234,49.17787170410156,23.183002471923828,91.05238342285156
2153,39.150726318359375,48.93561553955078,23.183002471923828,91.05238342285156
2154,39.6370735168457,50.3891487121582,23.658061981201172,90.62690734863281
2155,39.150726318359375,49.662384033203125,23.087987899780273,89.77594757080078
2156,39.393898010253906,49.17787170410156,23.087987899780273,90.20142364501953
2157,39.880245208740234,51.11591720581055,23.37302589416504,90.62690734863281
2158,40.3665885925293,49.904640197753906,23.183002471923828,89.35047149658203
2159,40.123416900634766,50.3891487121582,23.183002471923828,90.20142364501953
2160,40.3665885925293,48.93561553955078,23.087987899780273,90.62690734863281
2161,40.85293197631836,49.17787170410156,23.087987899780273,90.20142364501953
2162,40.85293197631836,48.93561553955078,22.992977142333984,89.77594757080078
2163,41.33927917480469,49.17787170410156,23.087987899780273,89.77594757080078
2164,41.58245086669922,49.420127868652344,23.183002471923828,90.20142364501953
2165,41.58245086669922,49.904640197753906,23.087987899780273,89.35047149658203
2166,41.58245086669922,50.873661041259766,22.992977142333984,89.77594757080078
2167,41.58245086669922,50.3891487121582,23.087987899780273,89.77594757080078
2168,41.09610366821289,50.3891487121582,23.087987899780273,89.35047149658203
2169,41.33927917480469,50.3891487121582,23.183002471923828,89.35047149658203
2170,41.82562255859375,51.35817337036133,23.183002471923828,89.35047149658203
2171,42.798309326171875,51.600425720214844,23.183002471923828,89.77594757080078
2172,42.555137634277344,51.600425720214844,23.087987899780273,89.35047149658203
2173,42.555137634277344,52.32719421386719,23.087987899780273,88.49951171875
2174,42.06879425048828,51.600425720214844,22.992977142333984,88.49951171875
2175,42.06879425048828,51.842681884765625,22.89796257019043,87.6485595703125
2176,42.31196594238281,52.32719421386719,23.087987899780273,87.6485595703125
2177,42.555137634277344,51.842681884765625,22.992977142333984,87.6485595703125
2178,42.798309326171875,52.084938049316406,23.087987899780273,88.07403564453125
2179,42.06879425048828,51.842681884765625,22.89796257019043,87.6485595703125
2180,42.555137634277344,52.56945037841797,22.327890396118164,88.07403564453125
2181,43.770999908447266,52.56945037841797,22.232877731323242,88.07403564453125
2182,43.527828216552734,51.842681884765625,21.66280174255371,88.07403564453125
2183,43.527828216552734,51.35817337036133,21.66280174255371,88.92498779296875
2184,43.770999908447266,51.35817337036133,21.947839736938477,88.92498779296875
2185,44.25734329223633,51.600425720214844,21.852828979492188,89.35047149658203
2186,44.25734329223633,52.084938049316406,21.947839736938477,88.92498779296875
2187,44.50051498413086,52.56945037841797,22.327890396118164,89.77594757080078
2188,44.98686218261719,52.56945037841797,22.51791763305664,90.20142364501953
2189,45.71637725830078,53.78072738647461,22.70793914794922,90.62690734863281
2190,44.98686218261719,53.53847122192383,22.612926483154297,91.05238342285156
2191,44.98686218261719,53.29621505737305,22.327890396118164,91.05238342285156
2192,46.202720642089844,53.53847122192383,22.327890396118164,92.7542953491211
2193,44.743690490722656,53.78072738647461,22.13786506652832,94.0307388305664
2194,44.98686218261719,53.78072738647461,22.327890396118164,96.15811920166016
2195,44.98686218261719,53.78072738647461,22.422903060913086,97.00908660888672
2196,43.527828216552734,53.29621505737305,22.80295181274414,96.58361053466797
2197,44.0141716003418,53.53847122192383,22.89796257019043,95.7326431274414
2198,43.04148483276367,52.32719421386719,22.612926483154297,95.30716705322266
2199,43.2846565246582,52.32719421386719,22.422903060913086,94.88168334960938
2200,42.06879425048828,52.56945037841797,22.51791763305664,95.30716705322266
2201,42.06879425048828,52.32719421386719,22.422903060913086,94.0307388305664
2202,42.31196594238281,52.084938049316406,22.422903060913086,93.60525512695312
2203,42.798309326171875,52.32719421386719,22.612926483154297,94.45621490478516
2204,42.06879425048828,52.32719421386719,22.51791763305664,92.32881927490234
2205,41.82562255859375,51.842681884765625,22.327890396118164,91.05238342285156
2206,42.31196594238281,52.32719421386719,22.13786506652832,91.05238342285156
2207,42.555137634277344,52.81170654296875,21.852828979492188,90.62690734863281
2208,42.31196594238281,52.32719421386719,21.66280174255371,91.47786712646484
2209,42.555137634277344,52.56945037841797,21.472780227661133,92.32881927490234
2210,41.82562255859375,52.32719421386719,21.37776756286621,91.47786712646484
2211,41.33927917480469,52.084938049316406,21.282752990722656,88.49951171875
2212,42.31196594238281,52.81170654296875,21.187742233276367,89.77594757080078
2213,43.04148483276367,52.084938049316406,21.282752990722656,89.35047149658203
2214,43.527828216552734,52.32719421386719,21.37776756286621,89.35047149658203
2215,43.2846565246582,52.084938049316406,21.37776756286621,88.49951171875
2216,43.04148483276367,52.32719421386719,21.187742233276367,88.07403564453125
2217,43.04148483276367,51.842681884765625,21.092731475830078,87.22307586669922
2218,44.25734329223633,51.600425720214844,20.71268081665039,88.07403564453125
2219,44.25734329223633,52.084938049316406,20.617671966552734,85.52116394042969
2220,44.50051498413086,52.81170654296875,20.52265739440918,85.94664001464844
2221,43.770999908447266,52.32719421386719,20.52265739440918,85.52116394042969
2222,43.527828216552734,52.56945037841797,21.567792892456055,84.88294219970703
2223,44.0141716003418,52.32719421386719,21.567792892456055,84.67021179199219
2224,42.798309326171875,52.56945037841797,21.37776756286621,84.45747375488281
2225,43.04148483276367,52.32719421386719,21.37776756286621,85.52116394042969
2226,43.527828216552734,52.81170654296875,21.852828979492188,85.52116394042969
2227,44.0141716003418,52.56945037841797,21.852828979492188,84.88294219970703
2228,44.0141716003418,51.600425720214844,21.66280174255371,84.88294219970703
2229,42.798309326171875,50.631404876708984,21.37776756286621,86.37212371826172
2230,43.04148483276367,50.631404876708984,20.997716903686523,88.07403564453125
2231,43.527828216552734,50.873661041259766,20.949886322021484,88.49951171875
2232,43.770999908447266,50.23651885986328,20.66290283203125,88.49951171875
2233,44.0141716003418,49.25629425048828,20.75856590270996,88.07403564453125
2234,42.798309326171875,49.25629425048828,20.66290283203125,88.92498779296875
2235,42.798309326171875,49.99146270751953,20.75856590270996,89.35047149658203
2236,43.04148483276367,49.50135040283203,20.18459701538086,88.49951171875
2237,43.04148483276367,50.48157501220703,19.993270874023438,88.49951171875
2238,42.06879425048828,50.48157501220703,19.706287384033203,87.22307586669922
2239,40.85293197631836,49.74640655517578,19.419301986694336,84.88294219970703
2240,40.3665885925293,47.78595733642578,18.94099235534668,82.96829223632812
2241,42.31196594238281,49.25629425048828,19.323640823364258,85.94664001464844
2242,42.798309326171875,49.74640655517578,19.036657333374023,85.09568786621094
2243,42.798309326171875,49.74640655517578,19.22797966003418,86.37212371826172
2244,42.555137634277344,50.23651885986328,19.419301986694336,85.52116394042969
2245,43.04148483276367,51.70685577392578,20.088932037353516,86.79759979248047
2246,43.770999908447266,51.46179962158203,20.471580505371094,86.37212371826172
2247,44.50051498413086,51.70685577392578,20.375917434692383,86.79759979248047
2248,44.50051498413086,52.19696807861328,20.088932037353516,87.22307586669922
2249,44.25734329223633,51.95191192626953,20.088932037353516,86.37212371826172
2250,43.770999908447266,52.44202423095703,20.18459701538086,87.22307586669922
2251,43.770999908447266,52.44202423095703,20.18459701538086,88.07403564453125
2252,42.798309326171875,51.95191192626953,19.993270874023438,87.22307586669922
2253,43.527828216552734,51.70685577392578,20.375917434692383,87.22307586669922
2254,43.770999908447266,52.19696807861328,20.471580505371094,88.07403564453125
2255,43.2846565246582,51.95191192626953,20.375917434692383,88.07403564453125
2256,43.527828216552734,51.70685577392578,20.088932037353516,87.6485595703125
2257,43.770999908447266,51.70685577392578,20.088932037353516,88.07403564453125
2258,44.0141716003418,52.93213653564453,20.375917434692383,88.92498779296875
2259,44.0141716003418,53.17719268798828,20.280258178710938,90.20142364501953
2260,43.2846565246582,52.93213653564453,20.471580505371094,89.77594757080078
2261,43.527828216552734,53.17719268798828,20.854225158691406,90.84098052978516
2262,43.527828216552734,52.68708038330078,21.236873626708984,90.39349365234375
2263,42.555137634277344,51.95191192626953,21.236873626708984,89.94599151611328
2264,42.31196594238281,50.48157501220703,21.045551300048828,89.2747573852539
2265,43.04148483276367,50.23651885986328,20.949886322021484,92.18346405029297
2266,43.04148483276367,49.99146270751953,20.854225158691406,91.73596954345703
2267,42.798309326171875,49.50135040283203,20.471580505371094,91.2884750366211
2268,43.04148483276367,49.74640655517578,20.66290283203125,93.07844543457031
2269,43.2846565246582,49.50135040283203,21.236873626708984,92.63095092773438
2270,43.527828216552734,49.74640655517578,21.236873626708984,92.63095092773438
2271,43.527828216552734,49.99146270751953,21.332530975341797,91.73596954345703
2272,44.743690490722656,50.48157501220703,21.236873626708984,92.63095092773438
2273,44.724029541015625,52.19696807861328,21.42819595336914,94.4209213256836
2274,44.96976852416992,52.19696807861328,21.236873626708984,95.31591033935547
2275,44.724029541015625,51.46179962158203,21.810842514038086,95.7634048461914
2276,45.70697784423828,51.46179962158203,21.810842514038086,95.7634048461914
2277,45.70697784423828,51.46179962158203,22.09782600402832,94.4209213256836
2278,44.478294372558594,47.05078887939453,21.619518280029297,94.86841583251953
2279,44.96976852416992,46.805728912353516,21.619518280029297,93.52593994140625
2280,43.003875732421875,47.05078887939453,21.52385711669922,92.18346405029297
2281,42.266666412353516,47.05078887939453,21.141212463378906,92.63095092773438
2282,41.529457092285156,46.560672760009766,19.897611618041992,92.18346405029297
2283,42.020931243896484,47.29584503173828,20.088932037353516,91.73596954345703
2284,42.266666412353516,47.54090118408203,20.18459701538086,92.63095092773438
2285,41.77519226074219,47.29584503173828,20.18459701538086,92.63095092773438
2286,41.03798294067383,47.05078887939453,19.706287384033203,91.73596954345703
2287,41.283721923828125,47.54090118408203,19.897611618041992,91.2884750366211
2288,41.77519226074219,48.27606964111328,19.610626220703125,92.18346405029297
2289,41.03798294067383,47.78595733642578,19.323640823364258,92.18346405029297
2290,41.283721923828125,47.78595733642578,19.1323184967041,92.63095092773438
2291,39.809303283691406,46.070560455322266,19.1323184967041,93.07844543457031
2292,39.56356430053711,46.070560455322266,19.22797966003418,94.4209213256836
2293,38.33488464355469,44.355167388916016,19.1323184967041,94.4209213256836
2294,38.58061981201172,44.845279693603516,19.1323184967041,94.4209213256836
2295,40.05503845214844,46.315616607666016,19.610626220703125,96.21089172363281
2296,40.05503845214844,46.070560455322266,19.897611618041992,96.21089172363281
2297,39.809303283691406,45.335391998291016,19.706287384033203,96.21089172363281
2298,40.30077362060547,45.825504302978516,19.897611618041992,96.65838623046875
2299,39.31782913208008,45.580448150634766,19.897611618041992,96.65838623046875
2300,39.07209396362305,44.845279693603516,19.897611618041992,95.7634048461914
2301,39.31782913208008,45.825504302978516,20.088932037353516,95.31591033935547
2302,39.07209396362305,45.335391998291016,20.088932037353516,95.7634048461914
2303,38.82635498046875,45.090335845947266,20.375917434692383,96.21089172363281
2304,38.58061981201172,44.110111236572266,20.280258178710938,96.65838623046875
2305,38.08914566040039,42.639774322509766,19.993270874023438,95.7634048461914
2306,37.35193634033203,43.619998931884766,19.993270874023438,95.7634048461914
2307,37.59767532348633,42.884830474853516,19.706287384033203,96.21089172363281
2308,37.106201171875,42.639774322509766,19.706287384033203,94.86841583251953
2309,36.12325668334961,43.374942779541016,19.419301986694336,92.63095092773438
2310,35.87751770019531,43.865055084228516,19.610626220703125,93.52593994140625
2311,38.33488464355469,45.825504302978516,20.280258178710938,95.31591033935547
2312,38.58061981201172,46.070560455322266,20.18459701538086,96.21089172363281
2313,39.56356430053711,46.070560455322266,20.375917434692383,98.00086212158203
2314,38.82635498046875,44.845279693603516,20.18459701538086,97.5533676147461
2315,38.33488464355469,45.090335845947266,19.993270874023438,96.65838623046875
2316,38.08914566040039,44.600223541259766,19.801950454711914,97.10588073730469
2317,38.33488464355469,44.600223541259766,19.993270874023438,97.10588073730469
2318,38.33488464355469,44.600223541259766,20.088932037353516,98.00086212158203
2319,37.84341049194336,46.315616607666016,19.610626220703125,96.65838623046875
2320,37.59767532348633,46.560672760009766,19.801950454711914,96.21089172363281
2321,38.82635498046875,47.29584503173828,19.993270874023438,97.10588073730469
2322,39.809303283691406,47.78595733642578,20.375917434692383,98.00086212158203
2323,39.07209396362305,48.03101348876953,20.471580505371094,99.79083251953125
2324,40.05503845214844,48.03101348876953,20.567243576049805,99.34333801269531
2325,40.05503845214844,47.54090118408203,20.375917434692383,99.34333801269531
2326,40.30077362060547,47.78595733642578,20.375917434692383,98.8958511352539
2327,40.05503845214844,47.78595733642578,20.280258178710938,96.21089172363281
2328,40.05503845214844,47.54090118408203,20.66290283203125,95.7634048461914
2329,40.05503845214844,47.54090118408203,20.471580505371094,98.44835662841797
2330,41.529457092285156,49.01123809814453,20.18459701538086,99.34333801269531
2331,40.546512603759766,48.76618194580078,20.471580505371094,100.68582153320312
2332,40.30077362060547,48.76618194580078,20.375917434692383,100.23832702636719
2333,39.07209396362305,47.78595733642578,19.993270874023438,99.34333801269531
2334,38.82635498046875,47.54090118408203,19.897611618041992,98.8958511352539
2335,38.33488464355469,48.27606964111328,19.993270874023438,99.79083251953125
2336,37.35193634033203,47.29584503173828,19.897611618041992,99.79083251953125
2337,38.33488464355469,48.03101348876953,19.993270874023438,100.68582153320312
2338,38.33488464355469,48.03101348876953,19.706287384033203,101.58080291748047
2339,38.82635498046875,47.54090118408203,19.610626220703125,101.13330841064453
2340,38.08914566040039,46.805728912353516,19.323640823364258,101.13330841064453
2341,37.84341049194336,47.29584503173828,19.419301986694336,101.58080291748047
2342,38.33488464355469,47.29584503173828,19.610626220703125,102.0282974243164
2343,38.33488464355469,47.05078887939453,19.22797966003418,101.58080291748047
2344,38.82635498046875,48.03101348876953,19.419301986694336,101.58080291748047
2345,40.546512603759766,49.01123809814453,19.610626220703125,102.47578430175781
2346,40.546512603759766,49.50135040283203,19.514963150024414,105.1607437133789
2347,40.7922477722168,49.50135040283203,19.610626220703125,103.81826782226562
2348,40.05503845214844,49.25629425048828,19.801950454711914,104.71324920654297
2349,40.546512603759766,48.52112579345703,19.993270874023438,105.1607437133789
2350,40.30077362060547,48.03101348876953,19.897611618041992,104.71324920654297
2351,40.05503845214844,47.78595733642578,19.993270874023438,104.71324920654297
2352,40.546512603759766,47.05078887939453,19.514963150024414,105.60823822021484
2353,40.05503845214844,46.805728912353516,19.323640823364258,105.60823822021484
2354,39.31782913208008,45.335391998291016,19.323640823364258,106.05572509765625
2355,39.56356430053711,45.580448150634766,19.419301986694336,103.81826782226562
2356,40.30077362060547,45.090335845947266,19.467729568481445,104.26575469970703
2357,40.7922477722168,45.825504302978516,19.467729568481445,103.81826782226562
2358,40.546512603759766,45.825504302978516,19.370874404907227,103.81826782226562
2359,40.30077362060547,45.825504302978516,19.177165985107422,103.81826782226562
2360,40.30077362060547,45.825504302978516,19.370874404907227,103.81826782226562
2361,40.7922477722168,45.335391998291016,18.88660430908203,104.2756118774414
2362,40.30077362060547,45.580448150634766,19.080312728881836,104.73296356201172
2363,38.58061981201172,45.825504302978516,19.177165985107422,104.2756118774414
2364,38.82635498046875,45.090335845947266,19.080312728881836,101.9888687133789
2365,38.82635498046875,44.845279693603516,18.789749145507812,101.07417297363281
2366,38.58061981201172,44.845279693603516,18.208621978759766,100.6168212890625
2367,38.82635498046875,45.825504302978516,18.402332305908203,99.2447738647461
2368,39.07209396362305,45.580448150634766,18.402332305908203,94.6712875366211
2369,38.82635498046875,44.355167388916016,18.208621978759766,94.6712875366211
2370,38.58061981201172,43.129886627197266,18.11176872253418,93.29924011230469
2371,37.84341049194336,44.355167388916016,18.014915466308594,93.75658416748047
2372,37.106201171875,43.619998931884766,17.530643463134766,92.38453674316406
2373,38.08914566040039,44.600223541259766,18.11176872253418,93.75658416748047
2374,38.58061981201172,44.600223541259766,17.821205139160156,93.29924011230469
2375,38.33488464355469,43.374942779541016,17.530643463134766,92.84188842773438
2376,39.07209396362305,44.110111236572266,17.336933135986328,94.21393585205078
2377,38.82635498046875,44.110111236572266,17.530643463134766,93.29924011230469
2378,38.33488464355469,42.149662017822266,17.336933135986328,93.29924011230469
2379,37.59767532348633,42.149662017822266,17.62749671936035,93.29924011230469
2380,38.08914566040039,42.394718170166016,17.62749671936035,92.84188842773438
2381,38.33488464355469,43.619998931884766,18.305477142333984,94.6712875366211
2382,38.33488464355469,43.129886627197266,18.014915466308594,95.12863159179688
2383,37.84341049194336,42.394718170166016,17.724349975585938,94.6712875366211
2384,38.58061981201172,42.394718170166016,17.821205139160156,95.12863159179688
2385,38.08914566040039,43.129886627197266,17.918060302734375,95.12863159179688
2386,37.59767532348633,42.149662017822266,17.530643463134766,94.6712875366211
2387,37.106201171875,41.169437408447266,17.24007797241211,91.24116516113281
2388,37.35193634033203,42.149662017822266,17.433788299560547,87.81104278564453
2389,37.84341049194336,41.904605865478516,17.62749671936035,89.8691177368164
2390,37.59767532348633,41.904605865478516,17.433788299560547,88.95442199707031
2391,37.84341049194336,42.149662017822266,17.821205139160156,91.46983337402344
2392,37.59767532348633,42.394718170166016,17.821205139160156,90.55513763427734
2393,36.12325668334961,42.394718170166016,17.724349975585938,90.09778594970703
2394,36.36899185180664,43.129886627197266,17.62749671936035,89.64044189453125
2395,36.61472702026367,44.110111236572266,17.821205139160156,90.55513763427734
2396,36.36899185180664,44.355167388916016,18.305477142333984,91.46983337402344
2397,36.86046600341797,44.110111236572266,18.305477142333984,91.46983337402344
2398,36.61472702026367,43.865055084228516,18.014915466308594,90.09778594970703
2399,36.61472702026367,43.865055084228516,18.11176872253418,89.8691177368164
2400,36.61472702026367,43.865055084228516,18.11176872253418,89.4117660522461
2401,37.59767532348633,43.865055084228516,17.62749671936035,89.18309020996094
2402,38.08914566040039,44.110111236572266,17.530643463134766,89.64044189453125
2403,37.59767532348633,43.619998931884766,18.596040725708008,90.09778594970703
2404,38.58061981201172,44.845279693603516,18.692893981933594,90.09778594970703
2405,38.33488464355469,45.825504302978516,19.177165985107422,90.09778594970703
2406,38.82635498046875,45.580448150634766,19.27402114868164,90.55513763427734
2407,38.58061981201172,45.825504302978516,19.177165985107422,90.09778594970703
2408,38.33488464355469,45.825504302978516,19.370874404907227,90.7838134765625
2409,38.08914566040039,44.845279693603516,19.467729568481445,90.7838134765625
2410,38.08914566040039,44.845279693603516,19.370874404907227,90.32646942138672
2411,37.59767532348633,44.110111236572266,19.467729568481445,90.7838134765625
2412,37.84341049194336,44.355167388916016,19.467729568481445,91.46983337402344
2413,38.08914566040039,45.090335845947266,19.467729568481445,91.92718505859375
2414,38.08914566040039,45.335391998291016,19.467729568481445,91.24116516113281
2415,37.106201171875,45.090335845947266,19.27402114868164,90.7838134765625
2416,37.84341049194336,44.600223541259766,19.564584732055664,91.24116516113281
2417,38.08914566040039,44.845279693603516,19.66143798828125,91.92718505859375
2418,37.84341049194336,45.090335845947266,19.66143798828125,91.24116516113281
2419,37.84341049194336,44.600223541259766,19.564584732055664,91.01248931884766
2420,38.08914566040039,44.600223541259766,19.370874404907227,90.7838134765625
2421,37.84341049194336,43.865055084228516,19.370874404907227,91.01248931884766
2422,37.106201171875,43.865055084228516,19.080312728881836,90.09778594970703
2423,37.59767532348633,44.355167388916016,19.66143798828125,91.01248931884766
2424,38.82635498046875,45.580448150634766,19.467729568481445,92.38453674316406
2425,39.31782913208008,44.845279693603516,19.467729568481445,93.75658416748047
2426,39.07209396362305,44.355167388916016,19.370874404907227,93.75658416748047
2427,39.31782913208008,44.600223541259766,19.370874404907227,94.6712875366211
2428,39.31782913208008,44.600223541259766,19.27402114868164,94.6712875366211
2429,39.56356430053711,43.865055084228516,19.27402114868164,95.12863159179688
2430,39.56356430053711,43.619998931884766,19.370874404907227,94.6712875366211
2431,39.809303283691406,43.374942779541016,18.88660430908203,95.12863159179688
2432,40.05503845214844,43.374942779541016,18.49918556213379,94.6712875366211
2433,40.30077362060547,43.619998931884766,18.49918556213379,96.9580307006836
2434,38.82635498046875,44.110111236572266,18.692893981933594,96.9580307006836
2435,38.58061981201172,44.355167388916016,18.983457565307617,96.50067901611328
2436,38.82635498046875,43.865055084228516,18.789749145507812,97.4153823852539
2437,38.33488464355469,43.374942779541016,18.596040725708008,96.0433349609375
2438,38.58061981201172,43.129886627197266,18.692893981933594,96.9580307006836
2439,38.58061981201172,44.110111236572266,18.692893981933594,95.12863159179688
2440,38.08914566040039,43.619998931884766,18.692893981933594,96.0433349609375
2441,37.84341049194336,44.110111236572266,18.692893981933594,96.0433349609375
2442,37.84341049194336,44.355167388916016,18.692893981933594,96.0433349609375
2443,37.59767532348633,44.845279693603516,18.305477142333984,94.6712875366211
2444,37.106201171875,44.355167388916016,17.918060302734375,93.75658416748047
2445,36.61472702026367,43.865055084228516,17.821205139160156,93.75658416748047
2446,34.64883804321289,44.355167388916016,17.724349975585938,96.0433349609375
2447,33.665889739990234,43.619998931884766,17.530643463134766,96.0433349609375
2448,33.665889739990234,42.884830474853516,17.530643463134766,95.12863159179688
2449,34.403099060058594,43.129886627197266,17.918060302734375,95.58598327636719
2450,34.15736389160156,42.884830474853516,17.724349975585938,96.9580307006836
2451,34.15736389160156,42.639774322509766,17.62749671936035,96.50067901611328
2452,34.403099060058594,42.639774322509766,17.724349975585938,96.0433349609375
2453,33.4201545715332,42.884830474853516,17.62749671936035,95.12863159179688
2454,32.682945251464844,42.639774322509766,17.336933135986328,95.12863159179688
2455,32.191471099853516,42.149662017822266,17.433788299560547,95.58598327636719
2456,32.43721008300781,42.884830474853516,17.530643463134766,96.0433349609375
2457,31.700000762939453,42.639774322509766,17.433788299560547,96.0433349609375
2458,32.191471099853516,42.884830474853516,17.62749671936035,96.9580307006836
2459,33.17441940307617,43.129886627197266,17.62749671936035,96.50067901611328
2460,32.928680419921875,43.129886627197266,17.433788299560547,95.12863159179688
2461,32.928680419921875,42.884830474853516,17.530643463134766,94.21393585205078
2462,33.91162872314453,42.639774322509766,17.530643463134766,95.12863159179688
2463,34.403099060058594,42.884830474853516,18.208621978759766,93.29924011230469
2464,34.15736389160156,42.639774322509766,17.530643463134766,93.75658416748047
2465,33.91162872314453,42.149662017822266,17.530643463134766,92.84188842773438
2466,33.665889739990234,42.394718170166016,17.821205139160156,94.6712875366211
2467,33.4201545715332,42.884830474853516,18.014915466308594,94.6712875366211
2468,33.4201545715332,43.619998931884766,18.208621978759766,95.12863159179688
2469,33.4201545715332,43.865055084228516,18.11176872253418,101.5315170288086
2470,33.91162872314453,44.110111236572266,18.305477142333984,101.5315170288086
2471,34.15736389160156,44.110111236572266,18.079483032226562,102.903564453125
2472,33.4201545715332,43.619998931884766,17.88296890258789,103.81826782226562
2473,33.4201545715332,43.75,18.17774200439453,103.81826782226562
2474,34.15736389160156,43.0,17.784709930419922,102.903564453125
2475,34.89457321166992,42.75,17.784709930419922,101.9888687133789
2476,34.89457321166992,42.0,17.784709930419922,102.903564453125
2477,35.14030838012695,42.5,17.48993492126465,102.44622039794922
2478,35.14030838012695,42.75,17.588193893432617,103.36091613769531
2479,35.63178253173828,43.0,17.48993492126465,102.903564453125
2480,35.63178253173828,44.75,17.686450958251953,103.81826782226562
2481,35.14030838012695,45.0,17.784709930419922,103.36091613769531
2482,35.14030838012695,45.0,17.588193893432617,103.36091613769531
2483,35.14030838012695,44.75,17.686450958251953,103.81826782226562
2484,36.12325668334961,45.25,17.981225967407227,105.19031524658203
2485,36.12325668334961,45.5,17.981225967407227,105.19031524658203
2486,36.61472702026367,45.0,18.079483032226562,104.73296356201172
2487,36.61472702026367,44.75,17.686450958251953,105.64765930175781
2488,36.61472702026367,44.5,17.588193893432617,105.64765930175781
2489,36.12325668334961,45.0,17.686450958251953,105.19031524658203
2490,36.12325668334961,45.0,17.686450958251953,105.19031524658203
2491,35.14030838012695,44.5,17.48993492126465,104.73296356201172
2492,35.63178253173828,44.25,17.588193893432617,104.73296356201172
2493,35.38604736328125,43.5,17.48993492126465,104.73296356201172
2494,35.38604736328125,43.75,17.293420791625977,104.73296356201172
2495,35.14030838012695,43.75,17.588193893432617,104.2756118774414
2496,34.64883804321289,43.75,17.784709930419922,104.2756118774414
2497,34.15736389160156,43.25,17.88296890258789,104.2756118774414
2498,34.64883804321289,42.75,17.981225967407227,102.903564453125
2499,34.403099060058594,43.25,17.981225967407227,101.9888687133789
2500,34.403099060058594,43.0,18.079483032226562,102.903564453125
2501,36.12325668334961,44.25,18.079483032226562,105.19031524658203
2502,36.12325668334961,44.0,18.17774200439453,105.64765930175781
2503,35.87751770019531,43.5,17.981225967407227,105.64765930175781
2504,35.87751770019531,43.5,17.784709930419922,113.34111785888672
2505,33.91162872314453,43.5,17.981225967407227,113.34111785888672
2506,33.91162872314453,39.5,17.48993492126465,113.34111785888672
2507,33.17441940307617,41.0,17.686450958251953,102.5467300415039
2508,33.17441940307617,41.25,17.784709930419922,103.03738403320312
2509,33.17441940307617,41.25,17.686450958251953,103.03738403320312
2510,33.4201545715332,41.25,17.686450958251953,103.03738403320312
2511,33.4201545715332,40.0,17.784709930419922,104.50934600830078
2512,33.4201545715332,40.0,17.981225967407227,104.01869201660156
2513,33.91162872314453,40.25,18.37425994873047,104.01869201660156
2514,31.700000762939453,40.25,18.17774200439453,104.01869201660156
2515,32.25,41.25,18.37425994873047,104.01869201660156
2516,32.25,41.25,18.37425994873047,104.01869201660156
2517,32.25,41.75,18.17774200439453,104.50934600830078
2518,32.25,41.5,17.784709930419922,105.49065399169922
2519,30.75,41.5,17.88296890258789,105.98130798339844
2520,31.25,41.0,17.981225967407227,104.50934600830078
2521,32.25,41.25,17.981225967407227,104.01869201660156
2522,32.0,41.25,17.981225967407227,103.03738403320312
2523,32.0,41.25,17.981225967407227,103.03738403320312
2524,32.5,42.0,17.784709930419922,104.50934600830078
2525,32.5,42.0,17.784709930419922,104.50934600830078
2526,32.0,41.25,17.686450958251953,105.49065399169922
2527,32.0,41.25,17.686450958251953,105.0
2528,32.0,40.75,17.686450958251953,105.0
2529,32.25,40.75,17.686450958251953,105.0
2530,32.0,41.75,17.686450958251953,104.50934600830078
2531,31.25,41.0,17.48993492126465,104.50934600830078
2532,31.25,40.75,17.48993492126465,104.50934600830078
2533,30.5,40.5,17.784709930419922,104.50934600830078
2534,30.75,39.75,17.48993492126465,103.52803802490234
2535,30.5,40.0,17.391677856445312,103.52803802490234
2536,31.0,39.75,17.09690284729004,103.03738403320312
2537,31.25,40.25,16.900388717651367,103.03738403320312
2538,30.75,40.0,16.605613708496094,102.05607604980469
2539,30.75,40.5,16.507354736328125,101.07476806640625
2540,31.0,40.25,16.31083869934082,102.05607604980469
2541,31.25,40.25,16.31083869934082,102.5467300415039
2542,31.0,39.0,15.917807579040527,104.01869201660156
2543,30.5,39.0,15.917807579040527,103.52803802490234
2544,30.5,39.0,15.819548606872559,104.01869201660156
2545,30.25,39.0,15.721290588378906,104.01869201660156
2546,28.5,39.0,15.721290588378906,103.52803802490234
2547,29.5,40.25,15.917807579040527,104.01869201660156
2548,30.5,40.25,16.016063690185547,104.01869201660156
2549,31.25,40.0,16.114322662353516,104.01869201660156
2550,31.25,40.0,16.114322662353516,104.01869201660156
2551,30.75,40.75,15.721290588378906,102.05607604980469
2552,30.75,40.5,15.721290588378906,101.07476806640625
2553,30.25,40.25,15.721290588378906,101.07476806640625
2554,29.75,39.75,15.524774551391602,101.07476806640625
2555,29.5,40.25,15.623032569885254,102.05607604980469
2556,31.25,40.5,15.623032569885254,102.5467300415039
2557,31.0,40.5,15.819548606872559,103.52803802490234
2558,31.5,41.0,16.114322662353516,103.52803802490234
2559,31.75,40.5,15.917807579040527,103.52803802490234
2560,31.75,41.25,15.917807579040527,104.01869201660156
2561,32.0,41.75,15.917807579040527,104.01869201660156
2562,32.5,42.25,16.212581634521484,104.50934600830078
2563,32.5,42.25,16.212581634521484,101.07476806640625
2564,32.0,42.25,16.016063690185547,100.58411407470703
2565,32.0,45.0,15.917807579040527,100.58411407470703
2566,32.25,44.75,16.016063690185547,99.6028060913086
2567,32.5,45.5,15.917807579040527,99.6028060913086
2568,32.5,45.25,15.721290588378906,98.62149047851562
2569,32.25,45.25,15.623032569885254,98.62149047851562
2570,31.75,45.0,15.328258514404297,98.62149047851562
2571,32.5,47.25,15.42651653289795,101.07476806640625
2572,32.5,47.25,15.42651653289795,101.07476806640625
2573,31.75,47.75,15.524774551391602,101.07476806640625
2574,31.0,47.75,15.524774551391602,100.58411407470703
2575,29.75,47.75,15.524774551391602,100.58411407470703
2576,27.5,47.5,14.738710403442383,98.62149047851562
2577,26.25,46.75,14.44393539428711,98.62149047851562
2578,26.25,47.75,14.640451431274414,100.09346008300781
2579,26.75,47.75,14.542194366455078,100.09346008300781
2580,26.0,47.75,13.756129264831543,100.09346008300781
2581,25.75,47.5,13.559613227844238,100.09346008300781
2582,26.0,47.0,13.756129264831543,101.07476806640625
2583,25.0,47.5,13.756129264831543,101.07476806640625
2584,26.5,47.5,13.854387283325195,101.56542205810547
2585,26.5,47.5,13.854387283325195,104.50934600830078
2586,27.5,48.5,14.149161338806152,104.01869201660156
2587,27.75,49.75,14.542194366455078,104.50934600830078
2588,28.25,50.25,15.131741523742676,104.50934600830078
2589,28.5,50.5,15.230000495910645,106.96261596679688
2590,28.75,50.25,15.03348445892334,105.98130798339844
2591,28.5,50.75,15.328258514404297,105.0
2592,29.0,51.25,15.328258514404297,105.49065399169922
2593,29.25,51.0,15.328258514404297,105.49065399169922
2594,29.5,50.75,15.230000495910645,105.0
2595,29.0,50.75,15.0,105.0
2596,29.75,50.75,15.100000381469727,105.0
2597,29.5,51.0,15.300000190734863,105.0
2598,31.0,53.5,16.200000762939453,107.5
2599,33.25,55.75,17.100000381469727,113.5
2600,33.25,55.75,17.100000381469727,113.5
2601,31.5,55.25,16.899999618530273,112.0
2602,31.5,55.0,16.700000762939453,112.5
2603,31.75,55.0,16.700000762939453,113.0
2604,31.75,56.25,16.700000762939453,112.0
2605,32.25,55.75,17.0,112.0
2606,32.25,56.0,16.799999237060547,112.0
2607,32.75,55.5,16.899999618530273,112.0
2608,33.25,57.0,17.399999618530273,112.0
2609,33.5,56.75,17.299999237060547,111.5
2610,33.75,56.75,17.100000381469727,112.0
2611,33.25,57.5,17.299999237060547,112.0
2612,33.25,57.25,17.200000762939453,111.0
2613,32.5,56.75,17.600000381469727,111.0
2614,31.75,56.5,17.399999618530273,111.0
2615,31.0,57.0,17.600000381469727,109.0
2616,32.25,57.75,17.600000381469727,110.0
2617,31.75,56.5,17.299999237060547,110.0
2618,31.75,57.75,17.100000381469727,109.5
2619,32.0,59.0,16.799999237060547,109.5
2620,32.0,59.5,16.899999618530273,110.5
2621,33.75,58.5,16.899999618530273,110.0
2622,33.5,61.75,16.700000762939453,110.0
2623,33.5,62.75,16.700000762939453,110.0
2624,33.75,64.75,16.600000381469727,110.0
2625,33.0,65.5,16.799999237060547,109.0
2626,33.75,65.5,16.799999237060547,109.0
2627,33.75,69.5,16.799999237060547,111.0
2628,34.0,68.25,16.600000381469727,110.0
2629,33.5,68.75,16.5,114.0
2630,33.0,66.5,16.100000381469727,114.0
2631,31.25,66.5,15.600000381469727,113.5
2632,31.75,65.75,15.800000190734863,113.5
2633,31.0,65.25,15.899999618530273,115.0
2634,31.25,65.5,15.699999809265137,115.0
2635,31.25,65.75,15.399999618530273,112.0
2636,32.0,66.5,15.399999618530273,113.5
2637,31.25,66.0,15.399999618530273,112.5
2638,31.75,66.5,15.300000190734863,113.0
2639,32.5,66.25,15.5,113.5
2640,31.5,64.5,15.0,113.5
2641,31.5,65.5,15.0,115.0
2642,31.25,64.75,14.5,115.0
2643,31.5,63.75,14.5,114.0
2644,31.25,64.0,14.399999618530273,113.5
2645,30.75,63.25,14.399999618530273,114.5
2646,32.75,64.5,14.100000381469727,114.0
2647,33.5,61.0,14.199999809265137,114.5
2648,33.5,62.25,14.600000381469727,115.0
2649,33.75,62.75,14.899999618530273,114.5
2650,33.5,63.5,14.699999809265137,114.0
2651,33.5,64.0,14.800000190734863,114.5
2652,34.0,64.0,15.0,114.5
2653,35.0,64.25,14.399999618530273,115.0
2654,34.5,62.75,14.300000190734863,115.0
2655,34.0,62.5,14.199999809265137,114.5
2656,34.25,62.25,13.600000381469727,114.0
2657,33.5,60.5,14.100000381469727,114.5
2658,34.25,61.25,14.100000381469727,115.5
2659,34.5,65.5,14.300000190734863,116.0
2660,33.75,63.25,14.100000381469727,118.0
2661,34.0,65.0,14.100000381469727,118.0
2662,34.0,64.25,13.899999618530273,118.5
2663,34.25,63.25,14.100000381469727,118.0
